Name,City,State,Enrollment,Type,Region,Adm_Rate,ACT_median,Cost,Net_Tuition,Avg_Fac_Salary,PercentFemale,PercentWhite,PercentBlack,PercentHispanic,PercentAsian,FourYearComp_Males,FourYearComp_Females,Debt_median,Salary10yr_median
Abilene Christian University,Abilene,TX,3524,Private,South West,0.5696,24,48046,16177,69804,0.611820013,0.794599991,0.081400003,0.163500004,0.028699999,0.411575563,0.528301887,16000,43000
Academy of Art University,San Francisco,CA,6898,Private,Far West,NA,NA,39735,31908,76428,0.573198198,0.679100037,0.0825,0.153400002,0.119099998,0.091572123,0.132522407,12877,38600
Adelphi University,Garden City,NY,5307,Private,Mid East,0.7418,25,49008,24971,111339,0.721112077,0.666900024,0.178500004,0.129200001,0.0673,0.611464968,0.699885452,19500,58500
Adrian College,Adrian,MI,1781,Private,Great Lakes,0.6481,23,51626,14136,72873,0.422110553,0.886100006,0.069200001,0.031800001,0.0121,0.232091691,0.331983806,18468,38600
AdventHealth University,Orlando,FL,1166,Private,South East,0.8689,20,24338,15360,69759,0.825105783,0.762200012,0.139499998,0.133800001,0.025899999,0.476190476,0.41322314,16646,56000
Agnes Scott College,Decatur,GA,966,Private,South East,0.704,NA,52309,13239,82647,NA,0.688399963,0.229899998,0.066500001,0.0321,NA,NA,22450,39400
AI Miami International University of Art and Design,Miami,FL,1290,Private,South East,NA,NA,25650,10071,46746,0.571803853,0.754800034,0.1471,0.328499985,0.021500001,0.205110962,0.286401925,13000,31600
Alabama A & M University,Normal,AL,4990,Public,South East,0.8986,18,22489,7413,63909,0.564030132,0.468400002,0.479799995,0.0379,0.0148,0.147157191,0.23136646,15000,31000
Alabama State University,Montgomery,AL,3903,Public,South East,0.9774,18,21476,10160,69786,0.61341853,0.426899986,0.523199997,0.040900002,0.0141,0.128205128,0.267921147,18950,27700
Albany College of Pharmacy and Health Sciences,Albany,NY,857,Private,Mid East,0.7189,26,47221,24852,84078,0.603174603,0.877900009,0.050900002,0.0498,0.031300001,0.638461538,0.686170213,25000,124700
Albertus Magnus College,New Haven,CT,1113,Private,New England,0.5807,18,47496,12493,65700,0.694684796,0.719499969,0.1675,0.120900002,0.027,0.519230769,0.54,23944,51200
Albion College,Albion,MI,1512,Private,Great Lakes,0.6824,23,56722,12849,67968,0.495762712,0.880899963,0.069299998,0.0299,0.0166,0.6,0.634920635,16721,47400
Albright College,Reading,PA,1897,Private,Mid East,0.62,NA,57415,14336,59724,0.625887924,0.843499985,0.086099997,0.063299999,0.0224,0.456603774,0.521390374,23734,46700
Alcorn State University,Alcorn State,MS,3106,Public,South East,0.8931,20,23966,2668,61164,0.621548457,0.402099991,0.571800003,0.021400001,0.0078,0.180592992,0.282952548,20037,31100
Alderson Broaddus University,Philippi,WV,823,Private,South East,0.4253,20,38879,12234,45261,0.431677019,0.940500031,0.026500001,0.023,0.0097,0.279569892,0.48951049,14000,40400
Alfred University,Alfred,NY,1591,Private,Mid East,0.6269,24,43294,8778,58410,0.463882619,0.887799988,0.056799998,0.041399999,0.0202,0.5,0.642335766,19500,41400
Alice Lloyd College,Pippa Passes,KY,644,Private,South East,0.2778,21,24564,8647,44928,0.572649573,0.976200027,0.0125,0.0078,0.0024,0.260869565,0.391666667,8250,31700
Allegheny College,Meadville,PA,1735,Private,Mid East,0.6361,27,60783,17759,71046,0.529048208,0.914400024,0.048099999,0.0228,0.0153,0.627272727,0.748031496,25000,50900
Allen University,Columbia,SC,698,Private,South East,NA,NA,23677,10769,43776,0.5,0.477700005,0.465,0.065799999,0.0137,0.168674699,0.256756757,13689,23300
Alma College,Alma,MI,1396,Private,Great Lakes,0.6411,23,52252,13489,67500,0.553468208,0.915999985,0.041199999,0.0275,0.0108,0.435555556,0.663212435,20500,42200
Alvernia University,Reading,PA,2176,Private,Mid East,0.6838,20,46581,17256,66960,0.71123872,0.792099991,0.135200005,0.0704,0.0183,0.492462312,0.56587473,22700,44500
Alverno College,Milwaukee,WI,1204,Private,Great Lakes,0.6978,NA,37091,19483,52038,NA,0.733000031,0.180100002,0.0796,0.0222,NA,NA,24183,38800
American InterContinental University,Chandler,AZ,7932,Private,South West,NA,NA,17087,13805,51633,0.696345003,0.685,0.1925,0.130900002,0.031900001,0.200992556,0.20518688,9500,37300
American InterContinental University-Atlanta,Atlanta,GA,1602,Private,South East,NA,NA,20773,14565,55521,0.696345003,0.685,0.1925,0.130900002,0.031900001,0.200992556,0.20518688,9500,37300
American International College,Springfield,MA,1307,Private,New England,0.6839,19,47742,16040,63153,0.594152047,0.745199966,0.133599997,0.128199997,0.023699999,0.424528302,0.579766537,20050,46000
American Public University System,Charles Town,WV,36036,Private,South East,NA,NA,16157,7802,46233,0.500092013,NA,NA,NA,NA,0.169051661,0.106371343,9500,62400
American Sentinel University,Aurora,CO,1441,Private,Rocky Mountains,NA,NA,NA,9534,70326,0.904761905,NA,NA,NA,NA,0.357142857,0.789915966,12274,NA
American University,Washington,DC,7485,Private,Mid East,0.3154,29,64040,31310,108405,0.660954712,0.802600021,0.099799995,0.070700002,0.045799999,0.715536105,0.751560549,20500,61000
American University of Puerto Rico,Manati,PR,544,Private,Outlying Territories,NA,NA,16432,58,26505,0.555323591,0.857099991,0.056100001,0.989000015,0.0015,0.133802817,0.185454545,3850,21700
Amherst College,Amherst,MA,1855,Private,New England,0.1281,33,71300,27541,116775,0.543909348,0.756399994,0.098599997,0.114300003,0.070300002,0.842105263,0.896907216,11900,65000
Anderson University,Anderson,IN,1392,Private,Great Lakes,0.6502,22,42555,14605,56862,0.563517915,0.910899963,0.053600001,0.0252,0.0101,0.398148148,0.602564103,19500,37200
Anderson University,Anderson,SC,2685,Private,South East,0.6229,23,41431,14915,59112,0.695588235,0.804100037,0.167000008,0.021700001,0.0082,0.46473029,0.532299742,19250,35200
Andrews University,Berrien Springs,MI,1466,Private,Great Lakes,0.6554,24,38948,15761,44559,0.580270793,0.756500015,0.145699997,0.084899998,0.0322,0.443820225,0.517412935,21453,45200
Angelo State University,San Angelo,TX,5892,Public,South West,0.7324,20,18395,6236,65664,0.560703416,0.798499985,0.0527,0.277299995,0.0102,0.302222222,0.356350185,11000,40200
Anna Maria College,Paxton,MA,1131,Private,New England,0.7362,NA,51109,15013,58212,0.630265211,0.892099991,0.0355,0.061799998,0.023599999,0.428571429,0.555023923,15442,44800
Appalachian State University,Boone,NC,17265,Public,South East,0.6946,26,18972,6780,74529,0.574958814,0.835,0.116899996,0.038399999,0.015700001,0.613040397,0.698203593,15647,38800
Aquinas College,Grand Rapids,MI,1428,Private,Great Lakes,0.6905,24,41612,13038,57024,0.639669422,0.867900009,0.07,0.0496,0.0141,0.436842105,0.520833333,20500,37300
Arcadia University,Glenside,PA,2003,Private,Mid East,0.6416,24,57155,17159,71190,0.6840417,0.818300018,0.113100004,0.0452,0.031199999,0.642570281,0.680392157,22847,44100
Arizona Christian University,Glendale,AZ,705,Private,South West,0.5644,20,37562,11155,41463,0.289473684,0.822699966,0.023499999,0.197099991,0.023900001,0.144329897,0.185185185,10500,32200
Arizona College-Las Vegas,Las Vegas,NV,500,Private,Far West,0.8831,NA,36700,22591,66456,0.848670757,NA,NA,NA,NA,0.5,0.601866252,9483,NA
Arizona State University-Downtown Phoenix,Phoenix,AZ,8697,Public,South West,0.8062,23,25851,12487,82593,0.556830661,NA,NA,NA,NA,0.507620164,0.577367206,14271,47700
Arizona State University-Polytechnic,Mesa,AZ,4495,Public,South West,0.8337,24,23002,8643,78525,0.556830661,0.787600021,0.0349,0.192000008,0.029000001,0.507620164,0.577367206,14271,47700
Arizona State University-Skysong,Scottsdale,AZ,29636,Public,South West,0.6829,NA,24636,3050,80451,0.556830661,NA,NA,NA,NA,0.507620164,0.577367206,14271,47700
Arizona State University-Tempe,Tempe,AZ,42529,Public,South West,0.8478,26,25621,20364,103059,0.556830661,0.787600021,0.0349,0.192000008,0.029000001,0.507620164,0.577367206,14271,47700
Arizona State University-West,Glendale,AZ,3981,Public,South West,0.8241,22,22594,10395,90864,0.556830661,0.787600021,0.0349,0.192000008,0.029000001,0.507620164,0.577367206,14271,47700
Arkansas State University-Main Campus,Jonesboro,AR,8623,Public,South East,0.7721,24,21375,4037,62118,0.610874916,0.832600021,0.139499998,0.019299999,0.0049,0.296529968,0.37812979,15000,32200
Arkansas Tech University,Russellville,AR,7896,Public,South East,0.9024,NA,18627,4725,61497,0.566136413,0.897600021,0.0554,0.036500001,0.006,0.336388634,0.421201413,11490,34100
Art Center College of Design,Pasadena,CA,1987,Private,Far West,0.6765,NA,64097,34648,69984,0.55234657,0.604799995,0.051999998,0.266599998,0.164599991,0.497206704,0.556962025,28250,53600
Asbury University,Wilmore,KY,1596,Private,South East,0.6676,NA,39831,14491,59184,0.61549101,0.904000015,0.055599999,0.029000001,0.0139,0.422222222,0.572916667,19153,34900
Ashford University,San Diego,CA,28289,Private,Far West,NA,NA,23215,13243,58131,0.779918379,0.757799988,0.131899996,0.108400002,0.031300001,0.198916315,0.166274612,8344,41200
Ashland University,Ashland,OH,3955,Private,Great Lakes,0.6806,23,32757,13148,63468,0.440354913,0.904199982,0.061300001,0.0185,0.0125,0.431095406,0.56,19356,40400
Aspen University,Denver,CO,3389,Private,Rocky Mountains,NA,NA,17127,6360,42030,0.781021898,NA,NA,NA,NA,NA,NA,8292,NA
Assumption College,Worcester,MA,2014,Private,New England,0.8107,NA,53303,14911,76554,0.597,0.902399979,0.0326,0.043600001,0.026300001,0.644230769,0.766871166,25000,55200
Athens State University,Athens,AL,2732,Public,South East,NA,NA,NA,6817,76842,0.705078125,0.838899994,0.122600002,0.024000001,0.0065,0.483552632,0.576744186,13500,38700
Atlantic University College,Guaynabo,PR,1581,Private,Outlying Territories,NA,NA,9627,2062,27333,0.265486726,0.791600037,0.084399996,0.983899994,0.0024,0.291878173,0.411214953,3600,20100
Auburn University,Auburn,AL,24147,Public,South East,0.7543,28,31282,15908,93852,0.531504671,0.759000015,0.197999992,0.028900001,0.0165,0.582055215,0.704172876,16380,48800
Auburn University at Montgomery,Montgomery,AL,4529,Public,South East,0.9281,21,18291,7582,69102,0.69294809,0.599700012,0.372099991,0.0162,0.0091,0.243523316,0.268085106,12500,33300
Augsburg University,Minneapolis,MN,2311,Private,Plains,0.6896,22,51251,16399,69588,0.546448087,0.875999985,0.046999998,0.033199999,0.034100001,0.530546624,0.573333333,20834,46800
Augusta University,Augusta,GA,5146,Public,South East,0.8006,23,20618,11830,72792,0.673245614,NA,NA,NA,NA,0.261565836,0.344467641,14000,62300
Augustana College,Rock Island,IL,2529,Private,Great Lakes,0.6369,NA,52923,16530,69669,0.58839779,0.882399979,0.047800002,0.063600001,0.028399999,0.591269841,0.786666667,25000,52000
Augustana University,Sioux Falls,SD,1752,Private,Plains,0.6542,26,45145,13518,62055,0.652459016,0.940599976,0.0113,0.0249,0.0111,0.567375887,0.688118812,22330,43700
Aurora University,Aurora,IL,3944,Private,Great Lakes,0.8116,21,34650,12630,72639,0.665131276,0.802699966,0.100699997,0.116700001,0.026700001,0.529255319,0.655332303,16760,42700
Austin College,Sherman,TX,1279,Private,South West,0.5532,25,53392,12301,66834,0.50533049,0.795299988,0.073099999,0.160799999,0.0353,0.603603604,0.722689076,17500,48200
Austin Peay State University,Clarksville,TN,9064,Public,South East,0.9378,22,21409,5870,72081,0.599089289,0.759599991,0.176399994,0.045599999,0.0142,0.247191011,0.360531309,12500,34900
Ave Maria University,Ave Maria,FL,1070,Private,South East,0.8295,24,34484,7898,68202,0.483940043,0.850699997,0.064299998,0.0825,0.0299,0.364130435,0.413333333,13683,32800
Averett University,Danville,VA,943,Private,South East,0.6061,19,45091,16063,54738,0.52657602,0.700999985,0.253299999,0.038399999,0.0149,0.39380531,0.523206751,17750,41800
Avila University,Kansas City,MO,1191,Private,Plains,0.5456,21,38040,13285,57834,0.629274966,0.816200027,0.118900003,0.050599999,0.0185,0.391025641,0.522292994,18010,44100
Azusa Pacific University,Azusa,CA,5545,Private,Far West,0.6851,24,51578,19919,82440,0.725888325,0.684199982,0.043400002,0.277800007,0.084899998,0.49327957,0.532236842,18970,51100
Babson College,Wellesley,MA,2361,Private,New England,0.2441,30,68482,34365,146502,0.482213439,0.810800018,0.066799998,0.089899998,0.058600001,NA,NA,21875,96100
Baker University,Baldwin City,KS,1436,Private,Plains,0.8765,23,44244,11993,56781,0.599246231,0.867099991,0.062399998,0.0523,0.0185,0.494845361,0.612582781,19500,51300
Baldwin Wallace University,Berea,OH,3058,Private,Great Lakes,0.7425,24,44783,16362,71982,0.539007092,0.897699966,0.063400002,0.0246,0.0146,0.545212766,0.664473684,24000,44400
Ball State University,Muncie,IN,15529,Public,Great Lakes,0.6478,NA,23783,7723,67626,0.598226656,0.908600006,0.055599999,0.026800001,0.0099,0.517354289,0.585901027,17500,41100
Baptist Memorial College of Health Sciences,Memphis,TN,1032,Private,South East,0.5887,22,21002,15362,62352,0.920068027,0.651299973,0.314200001,0.0229,0.0123,0.583333333,0.520547945,25500,57000
Bard College,Annandale-On-Hudson,NY,1795,Private,Mid East,0.6456,NA,70555,21844,101115,0.61971831,0.804199982,0.073200002,0.091700001,0.054899998,0.734177215,0.753488372,20500,39700
Barnard College,New York,NY,2557,Private,Mid East,0.1392,32,71071,34147,124551,NA,0.711500015,0.113100004,0.138199997,0.079000001,NA,NA,16250,57900
Barnes-Jewish College Goldfarb School of Nursing,Saint Louis,MO,562,Private,Plains,NA,NA,NA,20664,61407,0.875,0.780100021,0.179400005,0.02,0.016,NA,NA,18957,55600
Barry University,Miami,FL,3368,Private,South East,0.9125,20,43524,16339,73359,0.673622258,0.682799988,0.217600002,0.295699997,0.0224,0.372997712,0.387027027,19500,45800
Barton College,Wilson,NC,965,Private,South East,0.3962,20,44193,14395,55359,0.730578512,0.660199966,0.279899998,0.056500001,0.0117,0.375,0.514563107,18625,38100
Bates College,Lewiston,ME,1832,Private,New England,0.1779,NA,68870,46915,101268,0.491638796,0.871900024,0.059400001,0.043000002,0.028299999,NA,NA,12000,59200
Bay Path University,Longmeadow,MA,1921,Private,New England,0.6041,NA,46315,15610,70596,NA,0.842399979,0.066700001,0.090600004,0.0178,NA,NA,17610,42700
Bay State College,Boston,MA,684,Private,New England,0.6927,NA,39751,18017,64008,0.710691824,0.740599976,0.131000004,0.090600004,0.039000001,0.373134328,0.453757225,18532,32100
Baylor University,Waco,TX,14159,Private,South West,0.3895,29,60619,23490,89712,0.603382984,0.767200012,0.095799999,0.186800003,0.0373,0.650334076,0.702389078,19500,51600
Be'er Yaakov Talmudic Seminary,Spring Valley,NY,569,Private,Mid East,NA,NA,15750,10344,11835,NA,NA,NA,NA,NA,NA,NA,NA,NA
Becker College,Worcester,MA,1725,Private,New England,0.6634,23,53368,16910,71748,0.588785047,0.868600006,0.050799999,0.067199998,0.025699999,0.367857143,0.326259947,19750,43800
Belhaven University,Jackson,MS,2220,Private,South East,0.5161,NA,34614,12635,43830,0.682814302,0.614599991,0.332900009,0.051799998,0.0165,0.296636086,0.36400818,18841,37300
Bellarmine University,Louisville,KY,2488,Private,South East,0.8584,25,54872,17793,72225,0.67937034,0.876800003,0.083900003,0.021900001,0.0151,0.610328638,0.636828645,19000,45700
Bellevue University,Bellevue,NE,6377,Private,Plains,NA,NA,18574,11810,50859,0.594844679,0.850100021,0.080299997,0.0604,0.0178,0.479262673,0.47920434,15000,53600
Belmont Abbey College,Belmont,NC,1505,Private,South East,0.7978,22,32045,10595,44109,0.518193225,0.793600006,0.152799997,0.047800002,0.019,0.315789474,0.407665505,16000,38200
Belmont University,Nashville,TN,6620,Private,South East,0.8247,27,50740,25214,90792,0.653945333,0.858199997,0.0871,0.040300002,0.02,0.674757282,0.705343511,17500,44100
Beloit College,Beloit,WI,1212,Private,Great Lakes,0.564,25,59283,17607,63387,0.532544379,0.844000015,0.061900001,0.064000001,0.039200001,0.742857143,0.812030075,20875,42400
Bemidji State University,Bemidji,MN,4308,Public,Plains,0.6667,22,20379,5484,77985,0.598165903,0.900100021,0.013200001,0.0179,0.0088,0.345381526,0.430615165,12500,40600
Benedict College,Columbia,SC,2165,Private,South East,NA,NA,33055,11276,53802,0.45556872,0.494599991,0.447000008,0.0525,0.015,0.090558767,0.117647059,15750,25400
Benedictine College,Atchison,KS,1942,Private,Plains,0.9284,25,43240,12402,63081,0.498098859,0.865100021,0.058400002,0.075900002,0.022,0.442857143,0.665048544,19000,40100
Benedictine University,Lisle,IL,2692,Private,Great Lakes,0.6283,23,44385,16199,77103,0.576106731,0.770899963,0.121000004,0.0929,0.049000001,0.361179361,0.408223201,17125,49000
Bennett College,Greensboro,NC,469,Private,South East,0.9634,17,32758,4933,42768,NA,0.449799995,0.438300018,0.085699997,0.039300001,NA,NA,13500,30600
Bennington College,Bennington,VT,720,Private,New England,0.5703,NA,70760,27805,87768,0.671875,0.824199982,0.073200002,0.0675,0.046999998,0.75,0.72,18500,29500
Bentley University,Waltham,MA,4177,Private,New England,0.4321,30,66180,30307,126936,0.399513776,0.876900024,0.044000001,0.052800002,0.036500001,0.816625917,0.891696751,23250,86900
Berea College,Berea,KY,1630,Private,South East,0.382,25,35394,2571,73233,0.558579882,0.850500031,0.1179,0.021700001,0.0078,0.483695652,0.660944206,4563,33700
Berkeley College-New York,New York,NY,3505,Private,Mid East,NA,NA,34916,20871,64728,0.652948044,0.458100014,0.302800007,0.256900005,0.061799998,0.323308271,0.358087487,16080,40800
Berkeley College-Woodland Park,Woodland Park,NJ,3298,Private,Mid East,NA,NA,33313,19768,62145,0.726016035,0.644800034,0.158400002,0.228099995,0.061999998,0.323699422,0.486865149,12494,39600
Berklee College of Music,Boston,MA,6332,Private,New England,0.4764,NA,63027,27167,88200,0.360867321,0.809000015,0.085200005,0.089700003,0.044299998,0.447937132,0.494117647,15000,30300
Berry College,Mount Berry,GA,1913,Private,South East,0.6612,26,49969,14760,75276,0.619363395,0.805,0.134399996,0.050700002,0.022,0.54375,0.68,19000,40000
Beth Medrash Govoha,Lakewood,NJ,2680,Private,Mid East,NA,NA,NA,2692,66366,NA,0.735999985,0.134899998,0.133400002,0.045799999,NA,NA,5500,25300
Bethany College,Lindsborg,KS,781,Private,Plains,0.6776,21,42884,1771,38565,0.340292276,0.839499969,0.055999999,0.110799999,0.020699999,0.393258427,0.586666667,9500,40200
Bethany College,Bethany,WV,555,Private,South East,0.9077,20,42674,10562,53847,0.292191436,0.922200012,0.051199999,0.016799999,0.0085,0.216748768,0.477272727,20497,40400
Bethany Lutheran College,Mankato,MN,599,Private,Plains,0.7787,22,36961,11784,58986,0.553784861,0.921600037,0.031300001,0.028,0.014,0.544303797,0.535211268,16625,34800
Bethel College-North Newton,North Newton,KS,442,Private,Plains,0.441,21,41204,12678,49959,0.472891566,0.861600037,0.053499999,0.080200005,0.016799999,0.31884058,0.565789474,12500,40800
Bethel University,Mishawaka,IN,1244,Private,Great Lakes,0.9233,22,39450,13280,51399,0.66319896,0.875299988,0.063600001,0.0504,0.013,0.422222222,0.396774194,19500,37800
Bethel University,Saint Paul,MN,2723,Private,Plains,0.7051,25,50325,17088,69345,0.635702746,0.916100006,0.0246,0.026500001,0.026300001,0.552715655,0.688172043,18250,47300
Bethel University,McKenzie,TN,3383,Private,South East,0.6649,21,30838,11430,29304,0.583713584,0.753499985,0.209099998,0.0273,0.0094,0.17750258,0.137931034,17250,38600
Bethune-Cookman University,Daytona Beach,FL,3619,Private,South East,NA,NA,27817,9784,58707,0.60409699,0.514599991,0.399900017,0.123900003,0.019400001,0.263757116,0.321375187,16750,29200
Binghamton University,Vestal,NY,13990,Public,Mid East,0.3981,30,25846,8187,88011,0.517791676,0.766399994,0.090699997,0.106099997,0.069099998,0.68694956,0.764897959,16750,61600
Biola University,La Mirada,CA,4005,Private,Far West,0.7347,24,53611,22560,84132,0.667792032,0.700699997,0.0429,0.248199997,0.086199999,0.587896254,0.62358643,20000,44500
Birmingham-Southern College,Birmingham,AL,1265,Private,South East,0.5666,26,52176,11383,69192,0.520361991,0.789000015,0.174099998,0.0246,0.0139,0.523809524,0.637362637,18794,46700
Black Hills State University,Spearfish,SD,2563,Public,Plains,0.8832,21,19777,6273,62442,0.621880998,0.895899963,0.0092,0.026500001,0.0063,0.214285714,0.283687943,12500,35900
Blackburn College,Carlinville,IL,561,Private,Great Lakes,0.5155,20,30605,12946,59220,0.560386473,0.902399979,0.068200002,0.024100001,0.0076,0.352941176,0.462184874,14500,37400
Bloomfield College,Bloomfield,NJ,1660,Private,Mid East,0.6062,18,43920,17938,77454,0.6263287,0.445999985,0.377700005,0.189799995,0.050900002,0.266666667,0.260309278,17500,38200
Bloomsburg University of Pennsylvania,Bloomsburg,PA,7920,Public,Mid East,0.7678,22,23444,9003,85248,0.571530929,0.901500015,0.060300002,0.0273,0.015,0.404188482,0.500386698,19500,44500
Blue Mountain College,Blue Mountain,MS,618,Private,South East,0.9293,22,22226,5854,47124,0.525951557,0.782799988,0.197099991,0.016799999,0.0034,0.290909091,0.178571429,10000,31400
Bluefield College,Bluefield,VA,887,Private,South East,0.9536,18,36657,10149,46539,0.566009105,0.819700012,0.148000002,0.0195,0.011,0.209876543,0.348066298,12500,40900
Bluefield State College,Bluefield,WV,1263,Public,South East,0.9454,19,16573,3455,57996,0.627296588,0.923099976,0.060900002,0.0071,0.0035,0.202898551,0.213567839,12129,26600
Bluffton University,Bluffton,OH,659,Private,Great Lakes,0.4202,22,45667,11187,54486,0.467532468,0.928600006,0.0397,0.0246,0.0075,0.477419355,0.587837838,19000,39000
Bob Jones University,Greenville,SC,2363,Private,South East,NA,NA,25287,10145,40914,0.558823529,0.836200027,0.105600004,0.045100002,0.018,0.462151394,0.56626506,13500,NA
Boise State University,Boise,ID,16526,Public,Rocky Mountains,0.8075,24,19573,8429,72819,0.56921797,0.895899963,0.0087,0.085900002,0.0155,0.33121424,0.38836478,15250,37100
Bon Secours Memorial College of Nursing,Richmond,VA,458,Private,South East,NA,NA,NA,11326,68067,0.90625,0.718000031,0.234599991,0.021099999,0.020699999,NA,NA,21837,61100
Boricua College,New York,NY,639,Private,Mid East,NA,NA,22221,9545,39312,0.756684492,0.313899994,0.314899998,0.467099991,0.040700002,0.119496855,0.163141994,5000,32800
Boston College,Chestnut Hill,MA,9639,Private,New England,0.2789,33,70588,34327,137907,0.518944844,0.817200012,0.075100002,0.081000004,0.049499998,0.87245841,0.916932907,16000,72500
Boston University,Boston,MA,17238,Private,New England,0.2209,32,70216,33686,127224,0.654662533,0.817099991,0.064699998,0.090100002,0.056999998,0.807134894,0.791517324,22500,65300
Bowdoin College,Brunswick,ME,1825,Private,New England,0.1026,NA,68070,31648,109080,0.506410256,0.789300003,0.100200005,0.081000004,0.048099999,NA,NA,14911,65500
Bowie State University,Bowie,MD,5197,Public,Mid East,0.3801,NA,21623,5159,75591,0.636363636,0.361100006,0.549099998,0.053499999,0.038099999,0.197530864,0.230989957,12500,45800
Bowling Green State University-Main Campus,Bowling Green,OH,13729,Public,Great Lakes,0.7227,22,23804,9034,81909,0.601310686,0.880899963,0.080299997,0.0299,0.0114,0.404748758,0.492361927,17125,40500
Bradley University,Peoria,IL,4598,Private,Great Lakes,0.6681,26,46304,17819,81351,0.529885058,0.857200012,0.075700002,0.054200001,0.028599999,0.691206544,0.717898833,22117,53600
Brandeis University,Waltham,MA,3627,Private,New England,0.3115,31,70848,24212,118584,0.602708804,0.810699997,0.072399998,0.079099998,0.057399998,0.784615385,0.844827586,24708,57900
Brandman University,Irvine,CA,4092,Private,Far West,0.7917,NA,29792,14523,79587,0.700834327,0.698700027,0.044699998,0.247099991,0.078899999,0.362683438,0.411662315,19096,NA
Brenau University,Gainesville,GA,1688,Private,South East,0.5688,20,42912,17169,65403,0.89800995,0.717099991,0.210900002,0.065500002,0.0252,0.482758621,0.349272349,17380,42000
Brescia University,Owensboro,KY,918,Private,South East,0.3855,22,32926,11191,49284,0.740994854,0.917900009,0.056199999,0.0187,0.007,0.283950617,0.351351351,19562,40100
Brevard College,Brevard,NC,698,Private,South East,0.4609,NA,41609,13111,45351,0.418604651,0.836900024,0.116800003,0.0376,0.0153,0.351145038,0.341176471,11030,31600
Brewton-Parker College,Mount Vernon,GA,476,Private,South East,0.9678,17,32794,9762,43245,0.371900826,0.666600037,0.278899994,0.050799999,0.0113,0.115702479,0.273809524,9500,31900
Briar Cliff University,Sioux City,IA,910,Private,Plains,NA,NA,42423,14028,56682,0.570754717,0.908300018,0.023199999,0.063899999,0.0135,0.329411765,0.502923977,13750,41900
Bridgewater College,Bridgewater,VA,1830,Private,South East,0.6608,22,48830,11238,60057,0.523904383,0.865299988,0.091199999,0.031199999,0.0167,0.559183673,0.66015625,18500,42500
Bridgewater State University,Bridgewater,MA,9312,Public,New England,0.9014,22,22590,9901,82584,0.592782357,0.889100037,0.041799998,0.0328,0.0204,0.528008299,0.594160584,18500,45300
Brigham Young University-Hawaii,Laie,HI,3040,Private,Far West,0.4478,24,18043,2592,84492,0.6020558,0.584599991,0.018099999,0.085600004,0.097299995,0.433179724,0.409594096,5500,42200
Brigham Young University-Idaho,Rexburg,ID,37636,Private,Rocky Mountains,0.9717,23,12223,2402,77283,0.538264606,0.891399994,0.0187,0.081700001,0.0173,0.366071429,0.393919145,8215,42700
Brigham Young University-Provo,Provo,UT,31441,Private,Rocky Mountains,0.6447,29,18136,5991,98766,0.47952785,0.872200012,0.0205,0.094300003,0.025899999,0.551712887,0.513711152,9000,59700
Brown University,Providence,RI,6752,Private,New England,0.0767,34,71050,37898,140211,0.540378007,0.781500015,0.086199999,0.115900002,0.054699998,0.815286624,0.884297521,14500,67500
Bryan College-Dayton,Dayton,TN,824,Private,South East,0.5133,24,35945,10625,52128,0.562030075,0.860699997,0.098999996,0.031600001,0.010599999,0.051813472,0.063926941,12000,41300
Bryan College of Health Sciences,Lincoln,NE,566,Private,Plains,0.4,22,26985,17790,65205,0.920502092,0.928899994,0.016799999,0.031600001,0.0186,NA,NA,23250,51300
Bryant University,Smithfield,RI,3471,Private,New England,0.7567,NA,59129,24792,94887,0.397794741,0.908199997,0.030799999,0.043400002,0.0224,0.8252149,0.823076923,25000,69300
Bryn Mawr College,Bryn Mawr,PA,1353,Private,Mid East,0.3408,NA,68410,24505,98424,0.948837209,0.781100006,0.101999998,0.079400001,0.051799998,NA,NA,21395,54600
Bucknell University,Lewisburg,PA,3583,Private,Mid East,0.3304,30,70125,35034,102807,0.518301611,0.864499969,0.0629,0.049000001,0.0372,0.825136612,0.956521739,23250,70800
Buena Vista University,Storm Lake,IA,1546,Private,Plains,0.5713,22,45332,12782,57024,0.689291101,0.950800018,0.014400001,0.0305,0.0076,0.430278884,0.475382003,17146,40000
Butler University,Indianapolis,IN,4553,Private,Great Lakes,0.6783,28,56406,22282,75879,0.60110421,0.895599976,0.0575,0.0349,0.0177,0.697530864,0.791828794,23250,56600
Cabrini University,Radnor,PA,1557,Private,Mid East,0.7189,NA,44970,15245,62073,0.627828054,0.828600006,0.108100004,0.0355,0.033,0.54375,0.656862745,17705,46600
Cairn University-Langhorne,Langhorne,PA,776,Private,Mid East,0.7607,21,38857,8907,54279,0.489795918,0.819800034,0.114499998,0.045999999,0.0271,0.445378151,0.561983471,22616,34800
Caldwell University,Caldwell,NJ,1625,Private,Mid East,0.6664,20,45961,17817,71469,0.742532006,0.694800034,0.166900005,0.129099998,0.056500001,0.483333333,0.476868327,21250,44400
California Baptist University,Riverside,CA,7811,Private,Far West,0.7955,22,44746,18673,87066,0.66061706,0.658300018,0.071399999,0.311499996,0.050799999,0.455064194,0.491281274,21522,42600
California College of the Arts,San Francisco,CA,1453,Private,Far West,0.8818,NA,64030,30596,86958,0.618918919,0.691100006,0.079699998,0.155699997,0.107200003,0.550561798,0.549382716,25000,37200
California Institute of Technology,Pasadena,CA,948,Private,Far West,0.0662,36,68901,18877,179937,0.456521739,0.721200027,0.0552,0.1625,0.113900003,NA,NA,8013,85900
California Institute of the Arts,Valencia,CA,1003,Private,Far West,0.2297,NA,69015,28168,79425,0.526490066,0.702600021,0.072399998,0.211100006,0.078699999,0.53271028,0.657142857,25000,37900
California Lutheran University,Thousand Oaks,CA,3054,Private,Far West,0.7147,24,56491,19499,89766,0.617228464,0.740599976,0.034200001,0.225499992,0.065300002,0.62962963,0.709756098,18000,54200
California Polytechnic State University-San Luis Obispo,San Luis Obispo,CA,21047,Public,Far West,0.3017,29,27073,9068,93015,0.502962625,0.734100037,0.033800001,0.206399994,0.083100004,0.65970611,0.746777164,17000,66900
California State Polytechnic University-Pomona,Pomona,CA,24841,Public,Far West,0.5515,23,21302,4699,95283,0.494709646,0.523600006,0.055500002,0.409799995,0.156599998,0.5353902,0.616066482,15000,54000
California State University-Bakersfield,Bakersfield,CA,9142,Public,Far West,0.2302,NA,16714,3321,86265,0.642660551,0.601599998,0.073299999,0.383199997,0.041500001,0.356521739,0.425925926,11655,47800
California State University-Channel Islands,Camarillo,CA,7105,Public,Far West,0.7834,NA,25531,4677,87210,0.683462969,0.694800034,0.0278,0.317299995,0.0602,0.55,0.564051639,12500,49800
California State University-Chico,Chico,CA,16317,Public,Far West,0.6526,21,23508,4242,87507,0.574591709,0.775199966,0.0272,0.168400002,0.056100001,0.567395907,0.638636364,14297,48100
California State University-Dominguez Hills,Carson,CA,13871,Public,Far West,0.6394,NA,14469,3854,87768,0.657280772,0.382599983,0.211800003,0.454700012,0.089300003,0.461095101,0.509205681,12500,44700
California State University-East Bay,Hayward,CA,12728,Public,Far West,0.716,NA,21371,5794,91890,0.659212283,0.500900002,0.128400002,0.222800007,0.192999992,0.388663968,0.441420664,12500,51700
California State University-Fresno,Fresno,CA,21732,Public,Far West,0.5753,19,16915,3735,84537,0.621197252,0.580600014,0.050799999,0.408300018,0.0696,0.419588875,0.481836327,12136,44700
California State University-Fullerton,Fullerton,CA,34637,Public,Far West,0.4341,22,17645,5172,91809,0.598007937,0.577700005,0.0427,0.373800011,0.1379,0.538796229,0.654755913,12500,47200
California State University-Long Beach,Long Beach,CA,31503,Public,Far West,0.3121,23,18306,4721,91728,0.590154456,0.536699982,0.083100004,0.367000008,0.130799999,0.607129595,0.670478723,13453,48100
California State University-Los Angeles,Los Angeles,CA,24163,Public,Far West,0.4152,18,14823,3656,88443,0.605779856,0.426899986,0.087299995,0.520499992,0.148800001,0.3916122,0.435888502,11795,46100
California State University-Monterey Bay,Seaside,CA,6502,Public,Far West,0.5852,20,22141,5237,85581,0.670987039,0.647600021,0.0395,0.318299999,0.076900001,0.539651838,0.564567769,11000,44800
California State University-Northridge,Northridge,CA,34911,Public,Far West,0.5063,19,18870,4673,90810,0.57945548,0.573699989,0.078899999,0.367900009,0.0946,0.486096807,0.562432139,11750,45400
California State University-Sacramento,Sacramento,CA,28439,Public,Far West,0.6386,19,19807,4931,88236,0.593394176,0.648399963,0.078899999,0.197999992,0.104200001,0.480295567,0.56374269,13000,48900
California State University-San Bernardino,San Bernardino,CA,17704,Public,Far West,0.5483,18,18522,3622,88011,0.624712296,0.581300011,0.097200003,0.395800018,0.047199998,0.488256228,0.518254675,12815,44500
California State University-San Marcos,San Marcos,CA,14871,Public,Far West,0.5842,20,21995,5828,88110,0.65968394,0.713600006,0.038099999,0.2475,0.075100002,0.436893204,0.482758621,12500,47300
California State University-Stanislaus,Turlock,CA,9272,Public,Far West,0.8582,NA,16442,4680,85275,0.677172654,0.647799988,0.039000001,0.329900017,0.065,0.502439024,0.512797882,11749,45400
California State University Maritime Academy,Vallejo,CA,1016,Public,Far West,0.6652,NA,28082,7631,88416,0.191542289,0.691999969,0.054200001,0.163700008,0.111499996,0.521327014,0.612903226,19380,82900
California University of Pennsylvania,California,PA,5063,Public,Mid East,0.9699,20,25099,9071,90594,0.566749844,0.921100006,0.055900002,0.0121,0.0078,0.432795699,0.554651163,18250,41600
Calumet College of Saint Joseph,Whiting,IN,519,Private,Great Lakes,NA,NA,22470,14185,52398,0.502590674,0.636500015,0.272399998,0.140600004,0.0075,0.351351351,0.340425532,14800,42000
Calvin University,Grand Rapids,MI,3550,Private,Great Lakes,0.7897,27,46150,16892,77859,0.562759767,0.851800003,0.067800002,0.063000002,0.025799999,0.636986301,0.6925,20500,44800
Cambridge College,Boston,MA,690,Private,New England,NA,NA,27140,12117,69093,0.742738589,0.603499985,0.205400009,0.168999996,0.0496,0.236111111,0.35915493,15302,38100
Cameron University,Lawton,OK,3623,Public,South West,NA,NA,15535,5387,56520,0.641994751,0.704199982,0.141000004,0.079200001,0.0173,0.158415842,0.173544974,11000,34300
Campbell University,Buies Creek,NC,4199,Private,South East,0.763,22,47083,14773,77778,0.577332765,0.722900009,0.206100006,0.0552,0.0167,0.413294798,0.414285714,14750,45900
Campbellsville University,Campbellsville,KY,2522,Private,South East,0.8334,21,38248,11678,48456,0.615101289,0.912699966,0.062199998,0.0159,0.0062,0.25433526,0.461165049,10500,33700
Canisius College,Buffalo,NY,2191,Private,Mid East,0.787,24,47672,16427,74610,0.540880503,0.876100006,0.080500002,0.030799999,0.0146,0.569131833,0.646191646,20344,47300
Capella University,Minneapolis,MN,9799,Private,Plains,NA,NA,20152,16837,62928,0.746927998,0.763899994,0.130799999,0.093400002,0.033399999,0.130841121,0.139309509,10225,63600
Capital University,Columbus,OH,2400,Private,Great Lakes,0.7302,24,47062,13907,76887,0.625702247,0.855,0.1054,0.0177,0.0147,0.495652174,0.550790068,21500,44000
Capitol Technology University,Laurel,MD,427,Private,Mid East,0.689,20,36371,22197,65493,0.152838428,0.507799988,0.404300003,0.053000002,0.039100001,0.448275862,0.344827586,14000,63900
Cardinal Stritch University,Milwaukee,WI,1107,Private,Great Lakes,0.7094,20,39319,13794,54432,0.721367521,0.761500015,0.176299992,0.041999998,0.0224,0.301507538,0.326621924,24490,48500
Caribbean University-Bayamon,Bayamon,PR,936,Private,Outlying Territories,NA,NA,8975,12713,20511,0.555496829,0.818199997,0.0779,0.990599976,0.0016,0.078303426,0.178525226,6000,18700
Caribbean University-Ponce,Ponce,PR,529,Private,Outlying Territories,NA,NA,9076,2748,22032,0.555496829,0.818199997,0.0779,0.990599976,0.0016,0.078303426,0.178525226,6000,18700
Carleton College,Northfield,MN,2046,Private,Plains,0.1984,33,68835,32952,109116,0.45945946,0.806600037,0.076599998,0.075999999,0.050100002,NA,NA,12163,54200
Carlow University,Pittsburgh,PA,1314,Private,Mid East,0.8664,22,40608,19080,61542,0.84673913,0.867900009,0.104899998,0.01,0.0116,0.404761905,0.506203474,20600,39700
Carnegie Mellon University,Pittsburgh,PA,6483,Private,Mid East,0.1712,34,70060,40199,109485,0.472536349,0.797600021,0.0829,0.074899998,0.0673,0.775449102,0.821917808,21500,83600
Carroll College,Helena,MT,1210,Private,Rocky Mountains,0.7833,25,48487,16405,57924,0.603846154,0.913300018,0.0092,0.044200001,0.0133,0.536231884,0.701149425,20143,45900
Carroll University,Waukesha,WI,2843,Private,Great Lakes,0.6864,24,42918,15798,68868,0.663884674,0.906200027,0.041300001,0.0446,0.0177,0.517374517,0.547945205,23000,44200
Carson-Newman University,Jefferson City,TN,1695,Private,South East,0.6603,23,38961,10574,54927,0.56142132,0.871399994,0.091300001,0.036300001,0.0091,0.357142857,0.600760456,13000,36000
Carthage College,Kenosha,WI,2751,Private,Great Lakes,0.6783,24,55732,14368,76140,0.550553506,0.868499985,0.051199999,0.074699998,0.028499999,0.52972973,0.605670103,19500,44700
Case Western Reserve University,Cleveland,OH,5131,Private,Great Lakes,0.2925,32,67083,26845,106902,0.472095151,0.834899979,0.105200005,0.0347,0.028699999,0.799019608,0.837016575,21000,74600
Castleton University,Castleton,VT,1774,Public,New England,0.8547,21,23958,12921,59733,0.5093412,0.959599991,0.010599999,0.0158,0.01,0.5,0.589576547,18500,37900
Catawba College,Salisbury,NC,1283,Private,South East,0.5162,21,43101,22476,62613,0.531556802,0.792600021,0.156599998,0.045799999,0.0141,0.406779661,0.605555556,17000,39400
Cazenovia College,Cazenovia,NY,822,Private,Mid East,0.8215,NA,49151,9748,63423,0.739526412,0.893600006,0.058200002,0.038699999,0.0139,0.541176471,0.561702128,20500,37100
Cedar Crest College,Allentown,PA,1303,Private,Mid East,0.5719,22,49741,18240,69318,0.955026455,0.883899994,0.0498,0.064099998,0.0196,0.52,0.471502591,21000,46700
Cedarville University,Cedarville,OH,3318,Private,Great Lakes,0.7936,26,38915,17091,66834,0.53368329,0.907600021,0.045900002,0.029300001,0.0166,0.516447368,0.59752322,17000,41300
CEM College-San Juan,San Juan,PR,408,Private,Outlying Territories,NA,NA,13267,4514,22203,0.679628555,0.708799973,0.140799999,0.986800003,0.0029,0.465217391,0.49486653,3667,19000
Centenary College of Louisiana,Shreveport,LA,544,Private,South East,0.5969,24,52978,12393,65502,0.514285714,0.731800003,0.201599998,0.0598,0.019,0.396226415,0.50617284,17250,44900
Centenary University,Hackettstown,NJ,1241,Private,Mid East,0.6682,20,46703,15706,67266,0.654191617,0.823000031,0.089899998,0.078299999,0.039300001,0.590909091,0.634241245,19326,45800
Central Baptist College,Conway,AR,663,Private,South East,0.6074,19,25303,9880,49032,0.460992908,0.832799988,0.1246,0.0298,0.0081,0.111111111,0.102803738,12000,35300
Central Christian College of Kansas,McPherson,KS,669,Private,Plains,NA,NA,26633,11991,33669,0.47734139,0.843600006,0.0702,0.0829,0.0137,0.319767442,0.3125,14746,31700
Central College,Pella,IA,1076,Private,Plains,0.6999,24,50547,14664,65061,0.489619377,0.950599976,0.0133,0.030999999,0.0111,0.610738255,0.683908046,23313,44700
Central Connecticut State University,New Britain,CT,9325,Public,New England,0.6724,22,21628,9228,80685,0.491322415,0.835699997,0.080200005,0.082600002,0.0222,0.434061135,0.49232159,16500,47900
Central Methodist University-College of Graduate and Extended Studies,Fayette,MO,1773,Private,Plains,0.2105,NA,18440,2723,47961,0.689956332,0.918799973,0.046599998,0.023499999,0.0074,0.374213836,0.511560694,13750,35400
Central Methodist University-College of Liberal Arts and Sciences,Fayette,MO,1147,Private,Plains,0.9336,22,37780,19447,56907,0.689956332,0.918799973,0.046599998,0.023499999,0.0074,0.374213836,0.511560694,13750,35400
Central Michigan University,Mount Pleasant,MI,16157,Public,Great Lakes,0.6884,24,23890,10701,84150,0.592287234,0.879899979,0.073600001,0.025899999,0.0141,0.462486602,0.507292077,21250,41900
Central Penn College,Summerdale,PA,1020,Private,Mid East,0.724,NA,25495,22820,48204,0.634259259,0.821600037,0.123900003,0.048400002,0.0151,0.098130841,0.108527132,12667,35300
Central State University,Wilberforce,OH,2079,Public,Great Lakes,0.5708,16,18737,3432,62568,0.54954955,0.444000015,0.494900017,0.043200002,0.015700001,0.202572347,0.24556213,9500,26100
Central Washington University,Ellensburg,WA,10529,Public,Far West,0.7816,21,22289,5949,73251,0.545890822,0.820400009,0.025899999,0.098900003,0.045,0.495934959,0.572399728,13406,46500
Central Yeshiva Tomchei Tmimim Lubavitz,Brooklyn,NY,449,Private,Mid East,1,NA,21665,6326,29007,NA,0.368100014,0.520600014,0.096300001,0.040999999,NA,NA,NA,23500
Centre College,Danville,KY,1425,Private,South East,0.7306,30,53747,18606,74943,0.470873786,0.895299988,0.069099998,0.020799999,0.0136,0.78,0.77173913,24856,45500
Chadron State College,Chadron,NE,1750,Public,Plains,NA,NA,20303,4967,65367,0.577861163,0.9075,0.0116,0.0575,0.0064,0.302919708,0.406451613,11250,38200
Chamberlain University-Arizona,Phoenix,AZ,691,Private,South West,0.2727,NA,35162,24707,62829,0.896986301,NA,NA,NA,NA,0.419871795,0.449135578,17838,58400
Chamberlain University-Florida,Jacksonville,FL,946,Private,South East,0.7857,NA,30279,24333,59823,0.896986301,NA,NA,NA,NA,0.419871795,0.449135578,17838,58400
Chamberlain University-Georgia,Atlanta,GA,1068,Private,South East,0.1875,NA,NA,24415,57222,0.896986301,NA,NA,NA,NA,0.419871795,0.449135578,17838,58400
Chamberlain University-Illinois,Addison,IL,15087,Private,Great Lakes,0.775,NA,29343,16506,69048,0.896986301,NA,NA,NA,NA,0.419871795,0.449135578,17838,58400
Chamberlain University-Missouri,St. Louis,MO,535,Private,Plains,0.4545,NA,30279,24909,58698,0.896986301,NA,NA,NA,NA,0.419871795,0.449135578,17838,58400
Chamberlain University-New Jersey,North Brunswick,NJ,677,Private,Mid East,0.4545,NA,26535,25141,62946,0.896986301,NA,NA,NA,NA,0.419871795,0.449135578,17838,NA
Chamberlain University-Ohio,Columbus,OH,557,Private,Great Lakes,0.7059,NA,33274,23485,58941,0.896986301,NA,NA,NA,NA,0.419871795,0.449135578,17838,58400
Chamberlain University-Texas,Houston,TX,823,Private,South West,0.2308,NA,37767,24395,63486,0.896986301,NA,NA,NA,NA,0.419871795,0.449135578,17838,58400
Chamberlain University-Virginia,Arlington,VA,506,Private,South East,0.1667,NA,39475,24262,62640,0.896986301,NA,NA,NA,NA,0.419871795,0.449135578,17838,58400
Chaminade University of Honolulu,Honolulu,HI,1621,Private,Far West,0.9769,22,36434,16218,74844,0.713097713,0.400099983,0.0496,0.0971,0.309599991,0.333333333,0.360493827,15000,38400
Champlain College,Burlington,VT,3686,Private,New England,0.7541,25,57607,18058,76104,0.470273166,0.933700027,0.0226,0.024400001,0.0178,0.559493671,0.603636364,17500,45400
Chapman University,Orange,CA,7026,Private,Far West,0.5356,28,69018,30672,106434,0.647474199,0.698700027,0.044699998,0.247099991,0.078899999,0.682926829,0.758832565,19000,54500
Charleston Southern University,Charleston,SC,2933,Private,South East,0.5205,23,37287,12182,53856,0.628877609,0.683700027,0.27,0.0328,0.014400001,0.322946176,0.405271829,16500,36900
Charter Oak State College,New Britain,CT,1478,Public,New England,NA,NA,NA,9554,NA,0.756569848,0.745199966,0.126899996,0.133999996,0.0279,0.504587156,0.459677419,13557,38800
Chatham University,Pittsburgh,PA,1059,Private,Mid East,0.5538,NA,50346,17678,70209,0.750883392,0.836399994,0.117700005,0.0252,0.0205,NA,NA,14500,36600
Chestnut Hill College,Philadelphia,PA,1284,Private,Mid East,0.9603,18,50541,15722,58941,0.671111111,0.583100014,0.330400009,0.062800002,0.033699999,0.637681159,0.554098361,20835,43600
Cheyney University of Pennsylvania,Cheyney,PA,466,Public,Mid East,NA,NA,24594,3374,94068,0.456989247,0.3675,0.534799995,0.078600001,0.0301,0.082568807,0.159817352,15000,29400
Chicago State University,Chicago,IL,2024,Public,Great Lakes,0.3276,18,20357,9030,68949,0.703819174,0.242399998,0.662399979,0.113500004,0.0166,0.22005571,0.245098039,25000,33800
Chowan University,Murfreesboro,NC,1394,Private,South East,0.5929,16,35629,10482,63540,0.512155592,0.602400017,0.349799995,0.0305,0.0136,0.214532872,0.312101911,10500,34300
Christian Brothers University,Memphis,TN,1535,Private,South East,0.5601,23,42224,13251,63099,0.585403727,0.595400009,0.363600006,0.0273,0.0148,0.516129032,0.488636364,19184,44200
Christopher Newport University,Newport News,VA,4853,Public,South East,0.6777,26,29407,8188,78354,0.595238095,0.751500015,0.170300007,0.040300002,0.038299999,0.6352657,0.662337662,21000,46900
Cincinnati Christian University,Cincinnati,OH,592,Private,Great Lakes,0.4158,19,31398,9279,39168,0.32038835,0.870999985,0.098299999,0.0158,0.010700001,0.37755102,0.392405063,10800,32700
Citadel Military College of South Carolina,Charleston,SC,2882,Public,South East,0.808,23,28743,11712,77814,0.11843362,0.764000015,0.175100002,0.0504,0.0223,0.667311412,0.546666667,18594,56800
City University of Seattle,Seattle,WA,651,Private,Far West,NA,NA,30940,24301,50688,0.601265823,0.794899979,0.0395,0.072399998,0.068600001,0.277777778,0.286764706,15047,46500
Claflin University,Orangeburg,SC,2043,Private,South East,0.564,19,32529,11519,62064,0.670068027,0.468300018,0.500499992,0.0227,0.0082,0.405660377,0.479651163,22750,28500
Claremont McKenna College,Claremont,CA,1318,Private,Far West,0.0931,33,71745,35861,131652,0.488262911,0.687799988,0.0546,0.195799999,0.116700001,NA,NA,13035,72900
Clarion University of Pennsylvania,Clarion,PA,3849,Public,Mid East,0.941,20,25132,8200,86643,0.649489116,0.944700012,0.0353,0.011,0.0062,0.435361217,0.525339926,19500,37900
Clark Atlanta University,Atlanta,GA,3320,Private,South East,0.5185,20,37382,18157,67203,0.762973352,0.451699982,0.421599998,0.113900003,0.040300002,0.327433628,0.395770393,15665,35500
Clark University,Worcester,MA,2252,Private,New England,0.5939,NA,54760,20544,97731,0.656084656,0.856200027,0.050700002,0.063400002,0.038699999,0.67816092,0.757575758,22750,49100
Clarke University,Dubuque,IA,731,Private,Plains,0.8248,21,44891,16303,56007,0.608695652,0.925999985,0.035899999,0.0552,0.0092,0.5,0.693641618,21500,41300
Clarks Summit University,South Abington Township,PA,531,Private,Mid East,0.5071,NA,32740,9032,38925,0.47318612,0.913499985,0.044400001,0.033900001,0.0127,0.394230769,0.388888889,13094,32000
Clarkson College,Omaha,NE,646,Private,Plains,0.4068,20,28773,14338,55656,0.864559819,0.896999969,0.0502,0.041500001,0.0138,NA,NA,21000,49300
Clarkson University,Potsdam,NY,2983,Private,Mid East,0.7108,27,65899,17713,97497,0.299855491,0.914100037,0.039000001,0.033800001,0.014299999,0.711985689,0.817351598,23000,72000
Clayton  State University,Morrow,GA,5630,Public,South East,0.5436,NA,17697,4727,59625,0.706332842,0.480099983,0.453600006,0.047199998,0.026199999,0.250447227,0.354862119,17778,38800
Cleary University,Howell,MI,474,Private,Great Lakes,0.5797,19,30418,12250,45666,0.611940299,0.873099976,0.078699999,0.021500001,0.019400001,0.305084746,0.345679012,17000,53600
Clemson University,Clemson,SC,19564,Public,South East,0.4719,30,29499,16731,91962,0.50370934,0.771699982,0.185499992,0.029300001,0.017,0.618181818,0.757214555,19250,52400
Cleveland Institute of Art,Cleveland,OH,658,Private,Great Lakes,0.7346,22,55965,21619,52785,0.655737705,0.849300003,0.103400002,0.0372,0.0167,0.592592593,0.607142857,26953,36600
Cleveland State University,Cleveland,OH,11603,Public,Great Lakes,0.8834,22,22415,10167,85932,0.589336719,0.724400024,0.225799999,0.034000001,0.0159,0.403225806,0.419665484,15728,41300
Coastal Carolina University,Conway,SC,9474,Public,South East,0.6955,22,24599,13122,67788,0.534655372,0.796800003,0.161000004,0.0297,0.0152,0.388083736,0.474844935,15415,38500
Coe College,Cedar Rapids,IA,1369,Private,Plains,0.6693,25,55101,12726,60084,0.574780059,0.916100006,0.0348,0.035799999,0.0151,0.576470588,0.630208333,22625,46200
Cogswell College,San Jose,CA,589,Private,Far West,0.5787,NA,35351,22207,66636,0.342465753,0.659300003,0.0327,0.176700001,0.173099995,0.201438849,0.46875,20026,49800
Coker University,Hartsville,SC,1017,Private,South East,0.6255,20,39513,12295,52524,0.56846473,0.615800018,0.354799995,0.021099999,0.0074,0.440944882,0.40776699,16000,32800
Colby-Sawyer College,New London,NH,851,Private,New England,0.8963,NA,57350,10624,64764,0.719298246,0.946500015,0.014400001,0.0199,0.0165,0.59223301,0.57183908,23500,43600
Colby College,Waterville,ME,2000,Private,New England,0.1306,32,68582,31197,106929,0.567975831,0.881999969,0.040500002,0.0475,0.033299999,NA,NA,16750,58100
Colgate University,Hamilton,NY,2934,Private,Mid East,0.2493,33,69860,33704,106254,0.576496674,0.808099976,0.082600002,0.087299995,0.045599999,0.818181818,0.898089172,15000,63600
College for Creative Studies,Detroit,MI,1357,Private,Great Lakes,0.4216,24,56469,25978,92637,0.565743945,0.811699982,0.126099997,0.048600001,0.026199999,0.463276836,0.518518519,18635,44100
College of Charleston,Charleston,SC,9622,Public,South East,0.7926,25,28911,14090,76662,0.657823498,0.753799973,0.201900005,0.028,0.0178,0.512461059,0.62598082,15750,40700
College of Mount Saint Vincent,Bronx,NY,1630,Private,Mid East,0.7782,21,46411,14028,77616,0.711962834,0.559599991,0.195900002,0.281700001,0.055500002,0.420118343,0.49862259,24750,54400
College of Our Lady of the Elms,Chicopee,MA,1127,Private,New England,0.6747,21,47180,13769,60039,0.772315653,0.848899994,0.056300001,0.103699999,0.014400001,0.62745098,0.71331058,24500,46200
College of Saint Benedict,Saint Joseph,MN,1782,Private,Plains,0.8338,25,57350,18703,76608,NA,0.928000031,0.0197,0.026500001,0.0202,NA,NA,24488,52600
College of Saint Elizabeth,Morristown,NJ,751,Private,Mid East,0.7255,NA,50386,17652,63864,0.790243902,0.680899963,0.182999992,0.138599997,0.051599998,NA,NA,13000,43400
College of Saint Mary,Omaha,NE,810,Private,Plains,0.521,NA,29742,13516,59490,NA,0.870199966,0.069099998,0.051599998,0.015,NA,NA,22250,41200
College of Staten Island CUNY,Staten Island,NY,11815,Public,Mid East,NA,NA,14857,3798,99207,0.563955708,0.672600021,0.1475,0.154499998,0.078800001,0.172307692,0.264918033,8500,41500
College of the Holy Cross,Worcester,MA,2913,Private,New England,0.3801,NA,66111,30557,101880,0.526439483,0.859100037,0.051900001,0.0696,0.036400001,0.898734177,0.901639344,26500,71000
College of the Ozarks,Point Lookout,MO,1548,Private,Plains,0.1152,24,29476,2432,65718,0.581730769,0.932399979,0.0253,0.029000001,0.0053,0.669491525,0.628140704,NA,32500
Colorado Christian University,Lakewood,CO,4936,Private,Rocky Mountains,NA,NA,43486,12657,58842,0.727591387,0.856299973,0.034000001,0.122600002,0.023199999,0.211538462,0.20661157,13000,39300
Colorado College,Colorado Springs,CO,2098,Private,Rocky Mountains,0.15,NA,68532,36561,104373,0.62006079,0.823000031,0.046399999,0.131700001,0.036500001,0.811594203,0.81981982,14227,45400
Colorado Mesa University,Grand Junction,CO,8384,Public,Rocky Mountains,0.8072,21,21181,8494,61488,0.529213753,0.893700027,0.012,0.114799995,0.0135,0.249366019,0.283803863,11768,36800
Colorado School of Mines,Golden,CO,4906,Public,Rocky Mountains,0.4919,31,33038,21358,108585,0.283748925,0.864499969,0.028699999,0.121499996,0.023299999,0.724137931,0.76,21500,84900
Colorado State University-Fort Collins,Fort Collins,CO,24210,Public,Rocky Mountains,0.8387,26,26861,15368,90351,0.549675487,0.870299988,0.025899999,0.111099997,0.0246,0.568393782,0.609320557,15000,47100
Colorado State University-Global Campus,Aurora,CO,7671,Public,Rocky Mountains,NA,NA,NA,10400,48123,0.617162307,NA,NA,NA,NA,0.557404326,0.514563107,14451,NA
Colorado State University-Pueblo,Pueblo,CO,3630,Public,Rocky Mountains,0.952,21,20870,5757,61983,0.529977117,0.803799973,0.039300001,0.255699997,0.0163,0.309294872,0.36452514,12500,37500
Colorado Technical University-Colorado Springs,Colorado Springs,CO,22243,Private,Rocky Mountains,NA,NA,21248,13826,64098,0.650004067,0.758799973,0.133000002,0.104300003,0.026300001,0.204162276,0.216643502,10500,42200
Columbia College,Columbia,MO,10767,Private,Plains,NA,NA,34567,8756,70668,0.623674218,0.805800018,0.120900002,0.058400002,0.020599999,0.203976143,0.213250518,15000,38300
Columbia College,Columbia,SC,1159,Private,South East,0.959,NA,31930,10898,54324,0.725317693,0.617400017,0.341699982,0.0252,0.014,0.638888889,0.493710692,15000,34600
Columbia College Chicago,Chicago,IL,6496,Private,Great Lakes,0.8675,NA,42413,21504,76302,0.611514662,0.717099991,0.168099995,0.115100002,0.038,0.44741533,0.504874652,19500,34400
Columbia College Hollywood,Tarzana,CA,540,Private,Far West,NA,NA,40386,20553,52497,0.450450451,0.701399994,0.092399998,0.203099995,0.061700001,0.697368421,0.634615385,9500,31400
Columbia International University,Columbia,SC,526,Private,South East,0.3339,20,34627,11086,42588,0.552845529,0.768700027,0.186100006,0.030999999,0.017,0.641509434,0.642857143,15000,29900
Columbia Southern University,Orange Beach,AL,15159,Private,South East,NA,NA,13937,6515,41616,0.519648829,NA,NA,NA,NA,0.465369204,0.410240964,12500,NA
Columbia University in the City of New York,New York,NY,8216,Private,Mid East,0.0591,34,74435,38622,168867,0.447272727,0.700899963,0.123100004,0.144200001,0.076300001,0.753794266,0.794657763,19500,83300
Columbus College of Art and Design,Columbus,OH,1031,Private,Great Lakes,0.8849,NA,47127,20808,58464,0.7,0.854400024,0.0996,0.025999999,0.0187,0.607476636,0.558375635,21750,32200
Columbus State University,Columbus,GA,6266,Public,South East,0.5639,21,18666,6571,60993,0.631778058,0.602200012,0.3475,0.038299999,0.0153,0.231724138,0.329525483,16919,35900
Concord University,Athens,WV,1644,Public,South East,0.8898,21,16246,3371,55872,0.585769981,0.918499985,0.060599999,0.0108,0.0063,0.28125,0.335,11000,32300
Concordia College-New York,Bronxville,NY,1202,Private,Mid East,0.8133,22,39758,27360,61911,0.694063927,0.693799973,0.1625,0.148699999,0.045500002,0.293333333,0.454545455,20500,48000
Concordia College at Moorhead,Moorhead,MN,2009,Private,Plains,0.613,24,49256,17759,67446,0.581032413,0.939499969,0.0109,0.023800001,0.0124,0.707207207,0.714285714,23000,44500
Concordia University-Ann Arbor,Ann Arbor,MI,927,Private,Great Lakes,0.4885,21,42563,14927,46917,0.642100415,0.855,0.0879,0.031600001,0.0229,0.376,0.421245421,19500,39100
Concordia University-Chicago,River Forest,IL,1463,Private,Great Lakes,0.76,23,40076,14756,36342,0.572390572,0.716200027,0.163400002,0.141899996,0.030599999,0.398989899,0.532307692,15750,39700
Concordia University-Irvine,Irvine,CA,1784,Private,Far West,0.6178,24,49474,15656,64935,0.672707889,0.700800018,0.039400001,0.238700008,0.096700001,0.440414508,0.586842105,19096,46400
Concordia University-Nebraska,Seward,NE,1268,Private,Plains,0.6791,23,42428,10836,43245,0.488448845,0.893799973,0.036500001,0.073600001,0.0158,0.5,0.625,18750,40100
Concordia University-Portland,Portland,OR,1468,Private,Far West,0.6031,21,41130,14476,56493,0.705722071,0.816800003,0.036400001,0.086599998,0.048699999,0.47972973,0.498644986,12000,43300
Concordia University-Saint Paul,Saint Paul,MN,2760,Private,Plains,0.9689,NA,31797,12369,42948,0.607252612,0.855,0.057199998,0.0397,0.041700001,0.482352941,0.544412607,14000,49200
Concordia University-Wisconsin,Mequon,WI,3272,Private,Great Lakes,0.6473,23,43099,15225,56457,0.642100415,0.8275,0.115600004,0.040100002,0.0186,0.376,0.421245421,19500,42800
Concordia University Texas,Austin,TX,1716,Private,South West,0.9063,21,44046,15390,63828,0.648423006,0.753300018,0.081199999,0.246599998,0.030599999,0.345945946,0.376854599,14251,44500
Connecticut College,New London,CT,1798,Private,New England,0.3776,31,69379,29719,89541,0.667342799,0.820199966,0.075,0.089700003,0.0397,0.829545455,0.848101266,19500,54900
Converse College,Spartanburg,SC,893,Private,South East,0.5852,23,32127,8785,56745,NA,0.760899963,0.198500004,0.0298,0.0145,NA,NA,17375,33900
Cooper Union for the Advancement of Science and Art,New York,NY,845,Private,Mid East,0.1602,33,62013,11887,113409,0.314136126,0.686100006,0.124700003,0.165300007,0.091499996,NA,NA,13000,64900
Coppin State University,Baltimore,MD,2326,Public,Mid East,0.3821,18,17464,2004,68661,0.774945375,0.344199982,0.595400009,0.035699999,0.023199999,0.255905512,0.314338235,17000,38100
Corban University,Salem,OR,970,Private,Far West,0.9091,23,43905,11424,58680,0.624535316,0.864700012,0.0133,0.088199997,0.0276,0.51754386,0.615384615,18575,37600
Cornell College,Mount Vernon,IA,1022,Private,Plains,0.6102,27,55817,16457,68832,0.46741573,0.885599976,0.045599999,0.059499998,0.020899999,0.67768595,0.731034483,22130,43000
Cornell University,Ithaca,NY,15105,Private,Mid East,0.1061,33,70301,29653,136404,0.533558075,0.793199997,0.080900002,0.095799999,0.0621,0.886549708,0.913631634,13000,77200
Cornerstone University,Grand Rapids,MI,1561,Private,Great Lakes,0.7339,23,39507,11713,53586,0.652642934,0.776500015,0.167000008,0.0421,0.0149,NA,NA,19654,35400
Cornish College of the Arts,Seattle,WA,623,Private,Far West,0.7746,NA,56257,26035,58563,0.642276423,0.806900024,0.041100001,0.076799998,0.067600002,0.544303797,0.612068966,20000,29100
Covenant College,Lookout Mountain,GA,971,Private,South East,0.9717,27,45626,14193,65097,0.486153846,0.837799988,0.1046,0.051500001,0.0176,0.464285714,0.664556962,18822,41200
Cox College,Springfield,MO,698,Private,Plains,1,NA,27170,15403,63216,0.854545455,0.945500031,0.015599999,0.020599999,0.0087,0.628571429,0.587443946,18375,42100
Creighton University,Omaha,NE,4405,Private,Plains,0.7144,27,52931,27034,86805,0.610714286,0.847600021,0.045900002,0.052399998,0.044400001,0.72147651,0.76446281,19500,59700
Crown College,Saint Bonifacius,MN,844,Private,Plains,0.5507,21,38950,12245,44937,0.521472393,0.912600021,0.030599999,0.031900001,0.020799999,0.265060241,0.350515464,18500,35100
Culver-Stockton College,Canton,MO,975,Private,Plains,0.464,21,38546,10679,52452,0.523489933,0.895500031,0.053600001,0.045900002,0.013099999,0.404761905,0.580645161,15000,36600
Cumberland University,Lebanon,TN,1785,Private,South East,0.6166,21,35611,7605,50787,0.579415502,0.859000015,0.096000004,0.038199999,0.0117,0.443820225,0.63559322,14000,38700
CUNY Bernard M Baruch College,New York,NY,14629,Public,Mid East,0.3929,NA,14046,6734,119655,0.514732303,0.497700005,0.178799992,0.257299995,0.143000002,0.521965748,0.576489533,9500,57200
CUNY Brooklyn College,Brooklyn,NY,13954,Public,Mid East,0.4426,NA,13991,3966,103095,0.588327581,0.468400002,0.315799999,0.168299999,0.090900002,0.398124467,0.480450237,9176,43900
CUNY City College,New York,NY,12503,Public,Mid East,0.4827,NA,14430,4047,112221,0.537749288,0.379700012,0.294099998,0.345800018,0.0825,0.392173913,0.474898236,9500,46300
CUNY Graduate School and University Center,New York,NY,2105,Public,Mid East,NA,NA,NA,7583,139482,0.77294686,0.534700012,0.242199993,0.209300003,0.079200001,0.488372093,0.302469136,8914,56600
CUNY Hunter College,New York,NY,16205,Public,Mid East,0.3642,NA,13998,5549,108036,0.671951618,0.507799988,0.201200008,0.256700001,0.111499996,0.349586017,0.459645669,9600,47200
CUNY John Jay College of Criminal Justice,New York,NY,12852,Public,Mid East,0.4058,NA,14177,3804,100638,0.609853068,0.421599998,0.283099995,0.313600006,0.077600002,0.403007519,0.474358974,8560,44900
CUNY Lehman College,Bronx,NY,11559,Public,Mid East,0.3967,NA,14359,3823,95976,0.71029969,0.306399994,0.349399986,0.451699982,0.039300001,0.41554559,0.465517241,8315,43100
CUNY Medgar Evers College,Brooklyn,NY,5919,Public,Mid East,NA,NA,15182,1845,95454,0.717970283,0.170200005,0.6675,0.177999992,0.029000001,0.10701107,0.15200563,5841,35900
CUNY Queens College,Queens,NY,15645,Public,Mid East,0.4765,NA,14281,4757,100530,0.567189953,0.505,0.156300001,0.235499992,0.170200005,0.363562092,0.499692308,9000,48200
CUNY York College,Jamaica,NY,7126,Public,Mid East,0.5276,NA,14204,3108,95697,0.692650997,0.258199997,0.467700005,0.230499992,0.0871,0.237209302,0.3230532,7378,40800
Curry College,Milton,MA,2342,Private,New England,0.9271,20,54643,19414,90045,0.613537118,0.848099976,0.071100001,0.046799998,0.031300001,0.425373134,0.591011236,18871,45900
D'Youville College,Buffalo,NY,1620,Private,Mid East,0.996,19,37752,20191,62757,0.752314815,0.776100006,0.159700003,0.051500001,0.0161,0.536764706,0.564920273,21500,46400
Daemen College,Amherst,NY,1712,Private,Mid East,0.5392,NA,39367,14500,60381,0.726229508,0.820800018,0.127299995,0.039200001,0.014400001,0.401129944,0.492693111,15000,42800
Dakota State University,Madison,SD,2051,Public,Plains,0.8324,23,21091,7485,71154,0.382960413,0.933300018,0.0111,0.0254,0.0082,0.291784703,0.320987654,13105,38700
Dakota Wesleyan University,Mitchell,SD,743,Private,Plains,0.7355,22,38272,11013,52848,0.575203252,0.883099976,0.026199999,0.043200002,0.0076,0.525179856,0.584507042,18546,37200
Dallas Baptist University,Dallas,TX,2931,Private,South West,0.8807,22,39278,18579,74277,0.610486891,0.719300003,0.143000002,0.171100006,0.033199999,0.453453453,0.508264463,16000,43200
Dalton State College,Dalton,GA,4715,Public,South East,NA,NA,11875,2448,50598,0.598533456,0.883499985,0.033599999,0.109099998,0.0065,0.172962227,0.216251638,7500,32300
Dartmouth College,Hanover,NH,4312,Private,New England,0.0874,33,71827,32303,137502,0.524058577,0.79,0.080600004,0.094799995,0.051900001,NA,NA,10342,75500
Davenport University,Grand Rapids,MI,4782,Private,Great Lakes,0.8933,NA,28270,18829,60732,0.562619808,0.725100021,0.213500004,0.046799998,0.0141,0.243157895,0.24920534,16500,30700
Davidson College,Davidson,NC,1839,Private,South East,0.195,31,66678,21158,103923,0.461318052,0.774400024,0.142399998,0.0702,0.034100001,NA,NA,16947,58900
Davis & Elkins College,Elkins,WV,756,Private,South East,0.3695,19,40551,9829,51120,0.694989107,0.940899963,0.034200001,0.0141,0.0085,0.348314607,0.341935484,14000,37400
Dean College,Franklin,MA,1275,Private,New England,0.8286,20,55778,18069,58383,0.404205608,0.854599991,0.075500002,0.046999998,0.0249,0.27755102,0.442708333,12000,33500
Defiance College,Defiance,OH,520,Private,Great Lakes,0.524,20,45340,15894,53271,0.428571429,0.916500015,0.041500001,0.0454,0.0071,0.248275862,0.489361702,18875,41000
Delaware State University,Dover,DE,3835,Public,Mid East,0.4917,20,22627,7292,74448,0.665422305,0.506500015,0.399199982,0.080100002,0.028,0.289079229,0.399477807,19000,35800
Delaware Valley University,Doylestown,PA,1884,Private,Mid East,0.6566,23,53667,17309,75393,0.535553555,0.883499985,0.061799998,0.0377,0.0254,0.357466063,0.581939799,18233,42100
Delta State University,Cleveland,MS,2269,Public,South East,0.8519,21,19306,4787,58410,0.604562738,0.451599998,0.527799988,0.016,0.0064,0.127090301,0.127348643,14250,33700
Denison University,Granville,OH,2368,Private,Great Lakes,0.3391,30,64935,18193,83178,0.577531646,0.83,0.101800003,0.0404,0.031900001,0.775362319,0.871794872,21000,48800
Denver College of Nursing,Denver,CO,845,Private,Rocky Mountains,NA,NA,NA,19289,52875,0.856899489,NA,NA,NA,NA,NA,NA,27159,NA
DePaul University,Chicago,IL,14280,Private,Great Lakes,0.6753,NA,54439,23261,98244,0.550042337,0.724300003,0.130200005,0.141099997,0.054400001,0.646588814,0.645693657,20000,53300
DePauw University,Greencastle,IN,2141,Private,Great Lakes,0.626,26,62567,17704,86931,0.502446982,0.850999985,0.082600002,0.0521,0.024000001,0.708333333,0.871165644,23000,54000
DeSales University,Center Valley,PA,2449,Private,Mid East,0.7853,25,50498,16062,70587,0.657142857,0.888899994,0.046399999,0.0579,0.0221,0.640776699,0.568584071,19165,49700
DeVry College of New York,New York,NY,963,Private,Mid East,0.9157,NA,34504,20996,78264,0.605904902,NA,NA,NA,NA,0.167582643,0.164040859,15760,44100
DeVry University-California,Ontario,CA,1965,Private,Far West,0.9487,NA,32232,21547,71424,0.605904902,NA,NA,NA,NA,0.167582643,0.164040859,15760,44100
DeVry University-Florida,Miramar,FL,580,Private,South East,0.9524,NA,31391,19985,71892,0.605904902,NA,NA,NA,NA,0.167582643,0.164040859,15760,44100
DeVry University-Georgia,Decatur,GA,838,Private,South East,0.9459,NA,31704,20739,74214,0.605904902,NA,NA,NA,NA,0.167582643,0.164040859,15760,44100
DeVry University-Illinois,Chicago,IL,12743,Private,Great Lakes,0.945,NA,33830,9228,72684,0.605904902,NA,NA,NA,NA,0.167582643,0.164040859,15760,44100
DeVry University-Ohio,Columbus,OH,649,Private,Great Lakes,0.9286,NA,30386,26634,71532,0.605904902,NA,NA,NA,NA,0.167582643,0.164040859,15760,44100
DeVry University-Texas,Irving,TX,481,Private,South West,0.9375,NA,35692,29304,68328,0.605904902,NA,NA,NA,NA,0.167582643,0.164040859,15760,44100
Dewey University-Hato Rey,Hato Rey,PR,416,Private,Outlying Territories,NA,NA,9945,2712,28269,0.652753108,0.703099976,0.135699997,0.983600006,0.0033,0.432432432,0.442489001,3681,17400
Dickinson College,Carlisle,PA,2353,Private,Mid East,0.4914,NA,68979,27866,84042,0.571663921,0.816600037,0.0971,0.0652,0.0376,0.888888889,0.905405405,19000,57400
Dickinson State University,Dickinson,ND,1114,Public,Plains,0.6642,21,15506,6080,59139,0.585034014,0.912300034,0.011900001,0.0303,0.0076,0.291666667,0.444444444,11400,41700
DigiPen Institute of Technology,Redmond,WA,873,Private,Far West,0.5665,28,44088,24187,81270,0.258855586,0.818199997,0.0571,0.088400002,0.050500002,0.424731183,0.470588235,20750,80200
Dillard University,New Orleans,LA,1309,Private,South East,0.6071,NA,31436,12151,57195,0.732484076,0.379700012,0.518199997,0.096099997,0.031900001,0.261682243,0.417721519,19000,35400
Doane University,Crete,NE,1002,Private,Plains,0.6827,NA,46710,12588,61560,0.556331007,0.914000015,0.0255,0.053299999,0.0158,0.482889734,0.596551724,17916,44300
Doane University-Graduate and Professional Studies,Lincoln,NE,490,Private,Plains,NA,NA,NA,10087,52425,0.556331007,NA,NA,NA,NA,0.482889734,0.596551724,17916,44300
Dominican College of Blauvelt,Orangeburg,NY,1433,Private,Mid East,0.7677,21,40926,18100,76095,0.68558952,0.681699982,0.158900003,0.169799995,0.048499999,0.410447761,0.498461538,15625,46300
Dominican University,River Forest,IL,2098,Private,Great Lakes,0.6379,22,41118,17732,73845,0.697357886,0.725999985,0.121599998,0.186499996,0.0375,0.487804878,0.574074074,20834,47100
Dominican University of California,San Rafael,CA,1264,Private,Far West,0.8717,23,63875,24774,77958,0.729166667,0.657300034,0.061999998,0.189200001,0.128900003,0.558139535,0.690566038,27000,55600
Dordt University,Sioux Center,IA,1346,Private,Plains,0.7316,25,43391,14809,59400,0.482078853,0.922200012,0.02,0.056500001,0.0138,0.621301775,0.733766234,16432,41700
Drake University,Des Moines,IA,2952,Private,Plains,0.6766,27,53507,21160,85563,0.609756098,0.9025,0.037,0.040700002,0.025,0.664179104,0.713917526,19197,58300
Drew University,Madison,NJ,1530,Private,Mid East,0.6922,NA,65900,15953,81315,0.621621622,0.817799988,0.076700001,0.091899996,0.048899999,0.454545455,0.629834254,19583,52700
Drexel University,Philadelphia,PA,15557,Private,Mid East,0.7694,28,66841,27607,99576,0.568042814,0.785299988,0.131499996,0.051199999,0.042199998,0.580368906,0.593730408,20750,68800
Drury University,Springfield,MO,1486,Private,Plains,0.6824,26,38330,11495,59661,0.603750756,0.931500015,0.0247,0.0225,0.0095,0.334106729,0.442645074,14250,32200
Drury University-College of Continuing Professional Studies,Springfield,MO,1419,Private,Plains,NA,NA,19707,9970,52146,NA,NA,NA,NA,NA,NA,NA,NA,NA
Duke University,Durham,NC,6596,Private,South East,0.0891,34,72466,30002,145530,0.546550569,0.763700027,0.135799999,0.086199999,0.0452,0.934911243,0.956236324,10500,84400
Duquesne University,Pittsburgh,PA,6008,Private,Mid East,0.7185,27,51678,22779,84384,0.642581144,0.9025,0.065599999,0.0172,0.0146,0.672325976,0.776299879,24247,58500
Earlham College,Richmond,IN,1025,Private,Great Lakes,0.6522,29,58618,11586,57879,0.575268817,0.824899979,0.100500002,0.051799998,0.028900001,0.422680412,0.641025641,19000,35000
East Carolina University,Greenville,NC,22330,Public,South East,0.822,23,21950,7523,77661,0.593396951,0.703099976,0.239300003,0.0425,0.0151,0.52825699,0.61162192,18250,40500
East Central University,Ada,OK,2725,Public,South West,0.8264,21,15942,5914,51876,0.587574356,0.768600006,0.041300001,0.0375,0.0058,0.310991957,0.411276949,11547,36800
East Stroudsburg University of Pennsylvania,East Stroudsburg,PA,5599,Public,Mid East,0.8156,22,21851,8383,85797,0.571840739,0.899199982,0.0477,0.046999998,0.0202,0.404092072,0.498429319,15000,44600
East Tennessee State University,Johnson City,TN,10760,Public,South East,0.8713,24,19897,8802,65736,0.583421666,0.931600037,0.042600002,0.0154,0.0069,0.364280094,0.464091732,14025,35100
East Texas Baptist University,Marshall,TX,1401,Private,South West,0.5449,21,37577,12240,62523,0.471980075,0.745400009,0.165599995,0.114700003,0.0155,0.192982456,0.35046729,11660,40500
Eastern Connecticut State University,Willimantic,CT,4674,Public,New England,0.6573,NA,25926,6827,76923,0.581178466,0.871100006,0.055599999,0.064099998,0.020999999,0.529307282,0.556756757,17750,46400
Eastern Illinois University,Charleston,IL,4631,Public,Great Lakes,0.5531,20,23259,4340,75411,0.606564019,0.856299973,0.0854,0.048899999,0.023499999,0.505535055,0.550854353,18500,42200
Eastern Kentucky University,Richmond,KY,12246,Public,South East,0.8729,23,22396,6856,64098,0.581434729,0.924700012,0.049899998,0.014400001,0.0075,0.372432074,0.469860065,15000,36100
Eastern Mennonite University,Harrisonburg,VA,1030,Private,South East,0.592,26,47688,16768,53703,0.635714286,0.884100037,0.065599999,0.046700001,0.0151,0.478723404,0.578199052,15761,40300
Eastern Michigan University,Ypsilanti,MI,15325,Public,Great Lakes,0.757,19,23662,10638,87696,0.610537751,0.765999985,0.173999996,0.026900001,0.026099999,0.349189754,0.400220913,19253,39300
Eastern Nazarene College,Quincy,MA,658,Private,New England,0.6368,20,43845,9620,51156,0.564383562,0.813000031,0.089700003,0.060999999,0.033800001,0.411111111,0.389513109,19000,42300
Eastern New Mexico University-Main Campus,Portales,NM,3347,Public,South West,0.6038,20,17330,4462,62631,0.582059533,0.726200027,0.031400001,0.354099998,0.0088,0.223593964,0.274694262,10204,29500
Eastern Oregon University,La Grande,OR,2587,Public,Far West,0.9813,21,21270,7197,65259,0.597393193,0.877300034,0.0162,0.079899998,0.0179,0.286821705,0.282991202,14527,41200
Eastern University,Saint Davids,PA,1844,Private,Mid East,0.6843,21,46849,11737,57078,0.706827309,0.7725,0.156499996,0.0529,0.0276,0.474264706,0.468590832,19125,42500
Eastern Washington University,Cheney,WA,10379,Public,Far West,0.6342,20,19450,7217,79875,0.575044405,0.860800018,0.019400001,0.069099998,0.030699999,0.433774834,0.458224543,14893,43100
Eckerd College,Saint Petersburg,FL,1987,Private,South East,0.6766,26,59005,23475,71433,0.653164557,0.855400009,0.083400002,0.058600001,0.023299999,0.51497006,0.553398058,20036,42200
Edgewood College,Madison,WI,1435,Private,Great Lakes,0.7288,23,41916,19262,55800,0.75464191,0.924499969,0.0278,0.028099999,0.0192,0.5,0.647849462,20000,43300
Edinboro University of Pennsylvania,Edinboro,PA,3498,Public,Mid East,0.8,20,22092,8616,89163,0.571969697,0.916800003,0.056799998,0.0161,0.0079,0.311605723,0.416945373,18480,35400
Edward Waters College,Jacksonville,FL,968,Private,South East,0.5554,17,24933,5277,46440,0.463114754,0.476199989,0.447999992,0.108400002,0.0167,0.047008547,0.107142857,12000,25900
Elizabeth City State University,Elizabeth City,NC,1553,Public,South East,0.5929,19,14934,3124,67968,0.523076923,0.551399994,0.401800003,0.0352,0.0104,0.271565495,0.452261307,20500,30400
Elizabethtown College,Elizabethtown,PA,1602,Private,Mid East,0.7572,25,57983,20368,79677,0.635714286,0.906600037,0.046900001,0.033699999,0.0187,0.664921466,0.6875,25651,51300
Elmhurst College,Elmhurst,IL,2799,Private,Great Lakes,0.6736,23,46130,16568,71550,0.607428988,0.806399994,0.0729,0.119300003,0.051199999,0.557863501,0.694877506,16227,48300
Elmira College,Elmira,NY,787,Private,Mid East,0.8445,NA,54239,17637,50175,0.711155379,0.928099976,0.0325,0.0247,0.0148,0.592920354,0.661710037,25000,45900
Elon University,Elon,NC,6196,Private,South East,0.7214,28,49493,29073,83430,0.579948142,0.827799988,0.109700003,0.041599998,0.029100001,0.693140794,0.817010309,19500,51900
Embry-Riddle Aeronautical University-Daytona Beach,Daytona Beach,FL,5925,Private,South East,0.655,NA,51728,29020,86976,0.181643441,0.787900009,0.0975,0.113299999,0.036400001,0.34556213,0.422121896,13750,66200
Embry-Riddle Aeronautical University-Prescott,Prescott,AZ,2712,Private,South West,0.6723,NA,51036,26166,84186,0.181643441,0.787900009,0.0975,0.113299999,0.036400001,0.34556213,0.422121896,13750,66200
Embry-Riddle Aeronautical University-Worldwide,Daytona Beach,FL,10254,Private,South East,0.6343,NA,22944,11328,59445,0.181643441,0.787900009,0.0975,0.113299999,0.036400001,0.34556213,0.422121896,13750,66200
Emerson College,Boston,MA,3817,Private,New England,0.3564,29,65124,30703,91818,0.614307932,0.854000015,0.056199999,0.0679,0.039000001,0.753303965,0.740079365,20500,46600
Emmanuel College,Franklin Springs,GA,788,Private,South East,0.4197,19,30055,10579,44793,0.45194274,0.759100037,0.198799992,0.0324,0.0102,0.380952381,0.380530973,11821,33600
Emmanuel College,Boston,MA,1976,Private,New England,0.77,26,55739,16706,81441,0.756650246,0.864000015,0.053800001,0.057399998,0.029100001,0.557575758,0.674157303,23125,49700
Emory & Henry College,Emory,VA,964,Private,South East,0.6952,21,47025,15007,62442,0.487410072,0.890400009,0.076500001,0.020999999,0.0121,0.441860465,0.666666667,18846,40700
Emory University,Atlanta,GA,6975,Private,South East,0.1852,33,66950,27038,130374,0.660647902,0.748600006,0.158900003,0.0748,0.043899999,0.862068966,0.889256198,16250,66000
Emporia State University,Emporia,KS,3447,Public,Plains,0.8532,22,18358,7027,61515,0.627705628,0.885699997,0.036099999,0.073200002,0.0136,0.333333333,0.411870504,14000,37100
Endicott College,Beverly,MA,3033,Private,New England,0.8049,NA,49899,16618,78876,0.632200886,0.924199982,0.0249,0.031300001,0.020799999,0.726495726,0.707650273,23019,51100
Erskine College,Due West,SC,572,Private,South East,0.5824,21,51998,8741,43056,0.446194226,0.760199966,0.202000008,0.028099999,0.0113,0.444444444,0.614285714,12375,37400
Escuela de Artes Plasticas y Diseno de Puerto Rico,San Juan,PR,441,Public,Outlying Territories,0.939,NA,7122,1316,25776,0.659574468,0.798099976,0.0825,0.983399963,0.0026,NA,NA,NA,16000
Eureka College,Eureka,IL,557,Private,Great Lakes,0.5728,21,35575,13367,51111,0.481108312,0.883399963,0.075799999,0.0373,0.0109,0.362637363,0.643410853,14750,36000
Evangel University,Springfield,MO,1634,Private,Plains,0.7916,NA,35965,10809,58932,0.550573514,0.887300034,0.045799999,0.049499998,0.0161,0.426778243,0.561688312,18000,35800
Everglades University,Boca Raton,FL,1921,Private,South East,0.6935,NA,32070,18949,31887,0.552253116,0.785400009,0.128699999,0.118500004,0.021900001,0.39,0.336492891,21813,42100
Excelsior College,Albany,NY,27207,Private,Mid East,NA,NA,NA,6029,NA,0.670104992,0.737699966,0.150299997,0.109200001,0.031600001,0.391417425,0.352572146,9500,NA
Fairfield University,Fairfield,CT,4103,Private,New England,0.603,NA,63771,29223,102276,0.645718775,0.867600021,0.0523,0.065100002,0.036400001,0.8046875,0.826484018,23250,72100
Fairleigh Dickinson University-Florham Campus,Madison,NJ,2713,Private,Mid East,0.8439,NA,56370,24615,82449,0.588029402,0.730699997,0.136800003,0.126499996,0.055100002,0.440340909,0.488071571,18750,48100
Fairleigh Dickinson University-Metropolitan Campus,Teaneck,NJ,3245,Private,Mid East,0.8924,NA,49078,19583,82935,0.588029402,0.730699997,0.136800003,0.126499996,0.055100002,0.440340909,0.488071571,18750,48100
Fairmont State University,Fairmont,WV,3540,Public,South East,0.9477,21,16864,3711,57870,0.56556962,0.950400009,0.028900001,0.0099,0.0066,0.331300813,0.368333333,12500,33000
Farmingdale State College,Farmingdale,NY,9394,Public,Mid East,0.4607,22,16091,5144,74997,0.463945173,0.733199997,0.150500002,0.127399998,0.035999999,0.366565962,0.410761155,11500,51700
Faulkner University,Montgomery,AL,2079,Private,South East,0.5227,21,33944,11044,51687,0.638731597,0.648799973,0.318899994,0.018099999,0.0105,0.191135734,0.359489051,15500,35400
Fayetteville State University,Fayetteville,NC,4915,Public,South East,0.6787,20,16030,3313,76356,0.698267408,0.541199989,0.365099983,0.065700002,0.015599999,0.317880795,0.37653737,17812,31200
Felician University,Lodi,NJ,1617,Private,Mid East,0.8055,19,47282,18111,59607,0.732714138,0.679199982,0.138699999,0.185,0.072800002,0.38317757,0.481727575,19791,47300
Ferris State University,Big Rapids,MI,11008,Public,Great Lakes,0.809,23,22715,10838,81756,0.551179736,0.890999985,0.060900002,0.031400001,0.0116,0.40953475,0.430309174,16492,44500
Ferrum College,Ferrum,VA,1121,Private,South East,0.754,20,46382,13979,53604,0.395878525,0.785599976,0.165499992,0.0345,0.0184,0.202247191,0.36637931,12000,37300
Finlandia University,Hancock,MI,405,Private,Great Lakes,0.3203,20,33565,15444,46836,0.421875,0.929400024,0.020999999,0.021300001,0.0111,0.230769231,0.393939394,10000,32400
Fisher College,Boston,MA,1306,Private,New England,0.6728,NA,47384,12757,62190,0.693584071,0.780699997,0.107399998,0.082200003,0.030599999,0.288659794,0.268595041,12000,34900
Fisk University,Nashville,TN,743,Private,South East,0.7149,20,37070,8505,49914,0.741071429,0.444199982,0.451699982,0.082600002,0.0355,0.141025641,0.32173913,24155,35000
Fitchburg State University,Fitchburg,MA,4070,Public,New England,0.8689,22,22403,7303,82143,0.534308779,0.897300034,0.0299,0.059099998,0.024100001,0.498905908,0.565602837,17505,45700
Five Towns College,Dix Hills,NY,590,Private,Mid East,0.413,NA,30635,11728,47835,0.286885246,0.706999969,0.160699997,0.138500004,0.043099999,0.49112426,0.473684211,16018,34400
Flagler College-St Augustine,Saint Augustine,FL,2589,Private,South East,0.5665,23,33047,15112,67806,0.692647059,0.829499969,0.116700001,0.0554,0.0189,0.575562701,0.645951036,15750,38900
Florida Agricultural and Mechanical University,Tallahassee,FL,7711,Public,South East,0.3886,21,22716,4600,72099,0.64793518,0.541199989,0.379199982,0.113900003,0.0201,0.332409972,0.431388661,19500,37600
Florida Atlantic University,Boca Raton,FL,23265,Public,South East,0.5932,23,19559,6183,82602,0.612283704,0.749700012,0.169200001,0.146099997,0.020599999,0.457204301,0.524800456,12500,43200
Florida Gulf Coast University,Fort Myers,FL,13639,Public,South East,0.6492,23,19237,5059,73278,0.594009983,0.867600021,0.069099998,0.112600002,0.0122,0.374193548,0.456231884,12625,42100
Florida Institute of Technology,Melbourne,FL,3411,Private,South East,0.6504,28,58508,22571,87246,0.524374177,0.845100021,0.083500004,0.084300003,0.024300001,0.252969121,0.105851979,12625,56600
Florida Institute of Technology-Online,Melbourne,FL,1460,Private,South East,NA,NA,NA,7146,69975,0.524374177,NA,NA,NA,NA,0.252969121,0.105851979,12625,56600
Florida International University,Miami,FL,41777,Public,South East,0.5856,25,19434,5881,94626,0.606936085,0.727200012,0.170100002,0.500999985,0.019400001,0.395909806,0.472301542,14750,46300
Florida Memorial University,Miami Gardens,FL,1117,Private,South East,0.3319,NA,26552,14878,66285,0.609673791,0.408600006,0.491800003,0.233700008,0.015700001,0.193370166,0.241258741,14250,27600
Florida Polytechnic University,Lakeland,FL,1389,Public,South East,0.5066,29,20689,1454,81738,NA,NA,NA,NA,NA,NA,NA,5500,NA
Florida Southern College,Lakeland,FL,2666,Private,South East,0.5023,26,49296,16887,75546,0.685689949,0.833899994,0.095200005,0.092399998,0.0186,0.557894737,0.634408602,18750,41400
Florida State University,Tallahassee,FL,32072,Public,South East,0.3678,28,21623,5766,99972,0.584465415,0.776699982,0.156899996,0.113500004,0.0203,0.640525478,0.714589666,17500,46400
Fontbonne University,Saint Louis,MO,881,Private,Plains,0.8144,21,38830,15275,62370,0.660091047,0.715299988,0.248199997,0.0149,0.0151,0.38961039,0.572769953,20409,40800
Fordham University,Bronx,NY,9392,Private,Mid East,0.4602,30,67393,28317,124038,0.613884298,0.715500031,0.123800001,0.156199999,0.056599998,0.738058552,0.760663507,22250,59200
Fort Hays State University,Hays,KS,12456,Public,Plains,0.9229,NA,17044,6221,62874,0.636003726,0.904100037,0.028299999,0.072600002,0.010599999,0.290540541,0.391845197,13519,38200
Fort Lewis College,Durango,CO,3118,Public,Rocky Mountains,0.9092,21,25229,5025,65619,0.52879902,0.746800003,0.0149,0.101599998,0.014,0.387096774,0.444660194,10000,35200
Fort Valley State University,Fort Valley,GA,2337,Public,South East,0.6127,18,20811,3208,53496,0.573984859,0.470499992,0.476500015,0.046900001,0.015,0.168224299,0.280632411,24250,30900
Framingham State University,Framingham,MA,3804,Public,New England,0.7329,21,24923,6790,79992,0.598870057,0.897799988,0.034000001,0.040999999,0.0277,0.485714286,0.571639586,18163,45800
Francis Marion University,Florence,SC,3097,Public,South East,0.6419,20,20451,6763,66933,0.685633803,0.587200012,0.384000015,0.0188,0.008,0.293548387,0.358799454,18750,33100
Franciscan Missionaries of Our Lady University,Baton Rouge,LA,1049,Private,South East,0.592,22,24610,16261,64647,0.893108298,0.692600021,0.275,0.021300001,0.013099999,0.433333333,0.460280374,15070,47200
Franciscan University of Steubenville,Steubenville,OH,2117,Private,Great Lakes,0.771,25,37257,15451,71442,0.589901478,0.874800034,0.055900002,0.058299999,0.0221,0.655913978,0.761006289,20500,37700
Franklin and Marshall College,Lancaster,PA,2298,Private,Mid East,0.3532,NA,70332,30199,89856,0.565853659,0.835599976,0.081400003,0.069000001,0.036300001,0.832,0.843243243,19000,58900
Franklin College,Franklin,IN,925,Private,Great Lakes,0.7544,22,43230,13246,59400,0.46628131,0.930899963,0.04,0.023,0.0076,0.507246377,0.624113475,23000,44100
Franklin Pierce University,Rindge,NH,1627,Private,New England,0.6611,21,51577,16040,53046,0.542266187,0.913499985,0.0327,0.0373,0.0199,0.413669065,0.538709677,12521,39700
Franklin University,Columbus,OH,3177,Private,Great Lakes,NA,NA,24981,14134,78597,0.610630408,0.8025,0.1446,0.028199999,0.0183,0.303482587,0.288604181,15880,48500
Freed-Hardeman University,Henderson,TN,1311,Private,South East,0.9316,25,34656,8938,60840,0.623728814,0.860800018,0.1029,0.0279,0.0084,0.527777778,0.578034682,18750,37100
Fresno Pacific University,Fresno,CA,2888,Private,Far West,0.8511,20,40950,16592,64494,0.74513173,0.615299988,0.041100001,0.396500015,0.055900002,0.37164751,0.437990581,18774,43900
Friends University,Wichita,KS,1071,Private,Plains,0.4735,21,37845,13100,61128,0.552262091,0.834499969,0.068600001,0.075999999,0.0224,0.195555556,0.245283019,18750,41800
Frostburg State University,Frostburg,MD,4359,Public,Mid East,0.7831,20,21642,5984,63531,0.527020992,0.759199982,0.185200005,0.0298,0.025899999,0.488549618,0.606854839,15000,44600
Full Sail University,Winter Park,FL,18545,Private,South East,NA,NA,33965,15223,40914,0.27026862,0.813199997,0.106599998,0.101599998,0.0249,0.269121813,0.310972901,14750,39300
Furman University,Greenville,SC,2731,Private,South East,0.6105,30,63551,22524,86787,0.585055644,0.799700012,0.146999998,0.0427,0.021900001,0.697183099,0.734177215,19500,51200
Gallaudet University,Washington,DC,1112,Private,Mid East,0.5706,18,37188,13462,92997,0.515748032,0.729000015,0.140500002,0.117600002,0.044899998,0.45,0.496296296,11105,31000
Gannon University,Erie,PA,2733,Private,Mid East,0.8085,23,43322,17123,70848,0.62369338,0.912600021,0.058400002,0.0183,0.0087,0.522900763,0.596658711,25000,48100
Gardner-Webb University,Boiling Springs,NC,2010,Private,South East,0.4814,21,43652,11922,62406,0.673913044,0.800299988,0.1554,0.039200001,0.0124,0.489583333,0.622180451,17000,38700
Geneva College,Beaver Falls,PA,1263,Private,Mid East,0.6332,24,37018,12990,61443,0.523160763,0.878399963,0.090100002,0.0176,0.011,0.464646465,0.575221239,19500,38700
George Fox University,Newberg,OR,2669,Private,Far West,0.8231,24,48211,18343,69192,0.561762392,0.859700012,0.014,0.089899998,0.033699999,0.68159204,0.681034483,19500,45100
George Mason University,Fairfax,VA,25508,Public,South East,0.8106,27,25871,12367,98577,0.557201846,0.721100006,0.1254,0.091000004,0.080500002,0.604296213,0.709401709,16750,59900
George Washington University,Washington,DC,12161,Private,Mid East,0.4187,31,69204,31783,131931,0.634680135,0.787099991,0.097600002,0.083500004,0.0552,0.688816856,0.742011834,19500,69600
Georgetown College,Georgetown,KY,961,Private,South East,0.4795,23,49761,10362,56241,0.525754885,0.917799988,0.0554,0.0158,0.0084,0.406504065,0.583333333,14613,43000
Georgetown University,Washington,DC,7089,Private,Mid East,0.1452,33,71580,37738,138438,0.589970502,0.753499985,0.114399996,0.110299997,0.059099998,0.887671233,0.876086957,14500,93500
Georgia College & State University,Milledgeville,GA,5834,Public,South East,0.7778,25,28027,8641,62910,0.641153082,0.715599976,0.233700008,0.0353,0.0221,0.497607656,0.620143885,16283,40500
Georgia Gwinnett College,Lawrenceville,GA,11676,Public,South East,NA,NA,17760,3462,62559,0.596433878,NA,NA,NA,NA,0.041198502,0.060590095,8685,NA
Georgia Institute of Technology-Main Campus,Atlanta,GA,15201,Public,South East,0.2153,33,28501,13259,114543,0.377437326,0.756399994,0.165,0.0698,0.035799999,0.696701529,0.715517241,21500,79100
Georgia Southern University,Statesboro,GA,22239,Public,South East,0.6767,23,21884,6003,60156,0.529356316,0.686100006,0.261100006,0.040900002,0.0191,0.345205479,0.443171541,15750,41900
Georgia Southwestern State University,Americus,GA,2231,Public,South East,0.6929,20,19512,4919,54675,0.65954416,0.572400017,0.391399994,0.030799999,0.0095,0.326271186,0.410646388,12000,36400
Georgia State University,Atlanta,GA,26489,Public,South East,0.7137,24,23951,7597,79020,0.630079449,0.599399986,0.318500004,0.063800001,0.0345,0.221772562,0.269042437,11750,43300
Georgian Court University,Lakewood,NJ,1574,Private,Mid East,0.725,21,47957,17443,76194,0.728932584,0.865899963,0.066999998,0.0675,0.028800001,0.512820513,0.595238095,18750,44400
Gettysburg College,Gettysburg,PA,2441,Private,Mid East,0.4541,NA,66710,29804,86769,0.535340314,0.864599991,0.072800002,0.043499999,0.0301,0.82,0.854771784,21795,56100
Golden Gate University-San Francisco,San Francisco,CA,404,Private,Far West,NA,NA,NA,22657,92583,0.543859649,0.582400017,0.079899998,0.187099991,0.186000004,0.275362319,0.448275862,24032,71100
Goldey-Beacom College,Wilmington,DE,730,Private,Mid East,0.5323,NA,37069,12024,71856,0.587020649,0.758899994,0.175,0.056100001,0.0225,0.413043478,0.390243902,13994,44500
Gonzaga University,Spokane,WA,5237,Private,Far West,0.6562,28,57052,21683,86697,0.526244035,0.834899979,0.0228,0.078099999,0.054200001,0.748571429,0.799145299,21250,56100
Gordon College,Wenham,MA,1593,Private,New England,0.7547,26,49450,17349,63414,0.649762282,0.905100021,0.0324,0.04,0.0275,0.60625,0.568265683,21500,41700
Goshen College,Goshen,IN,825,Private,Great Lakes,0.6603,24,44481,14728,52047,0.670673077,0.890999985,0.035699999,0.074099998,0.014,0.532258065,0.659090909,14500,37700
Goucher College,Baltimore,MD,1523,Private,Mid East,0.8041,NA,58936,15940,75195,0.682692308,0.793300018,0.112799997,0.0596,0.046399999,0.571428571,0.693693694,17996,48900
Governors State University,University Park,IL,3225,Public,Great Lakes,0.3835,18,24307,8161,63027,0.676324129,0.568800011,0.358400002,0.0821,0.0147,0.49201278,0.495077356,14000,40800
Grace Christian University,Wyoming,MI,895,Private,Great Lakes,0.2837,NA,20871,8179,41166,0.578397213,0.879400024,0.051199999,0.06,0.016900001,0.259259259,0.389830508,8750,28600
Grace College and Theological Seminary,Winona Lake,IN,1353,Private,Great Lakes,0.8179,24,33677,8479,63495,0.628865979,0.914100037,0.0323,0.050300002,0.0112,0.621118012,0.64,16772,34900
Graceland University-Lamoni,Lamoni,IA,1125,Private,Plains,0.5806,21,41130,13000,54891,0.547762999,0.834400024,0.082299995,0.070300002,0.023599999,0.422818792,0.670411985,15000,36200
Grambling State University,Grambling,LA,4110,Public,South East,0.9475,18,25927,5018,53154,0.548977854,0.484300003,0.445200005,0.0679,0.018099999,0.218623482,0.309667674,25250,28100
Grand Canyon University,Phoenix,AZ,53209,Private,South West,0.732,NA,31248,11035,58914,0.743284234,0.752600021,0.103199997,0.157200003,0.026199999,0.269868779,0.322378717,12500,52700
Grand Valley State University,Allendale,MI,21589,Public,Great Lakes,0.8275,24,23418,11868,80118,0.611234901,0.881699982,0.063899999,0.0404,0.014400001,0.489641233,0.547545486,19500,42800
Grand View University,Des Moines,IA,1731,Private,Plains,0.9198,21,37623,13220,57978,0.545623836,0.912099991,0.034300001,0.035999999,0.019400001,0.533112583,0.604904632,17750,43200
Granite State College,Concord,NH,1628,Public,New England,NA,NA,16970,5660,47484,0.754467755,0.965899963,0.006,0.0128,0.0094,0.291866029,0.263779528,9145,35400
Green Mountain College,Poultney,VT,425,Private,New England,0.7158,21,50425,15513,57006,0.586206897,0.898899994,0.046999998,0.041999998,0.019400001,0.432098765,0.543307087,17500,30300
Greensboro College,Greensboro,NC,755,Private,South East,0.4446,19,41128,11511,55593,0.442088091,0.761600037,0.181900005,0.044200001,0.0183,0.236842105,0.424836601,12500,36900
Greenville University,Greenville,IL,938,Private,Great Lakes,0.4839,21,39165,11636,50562,0.447098976,0.892799988,0.066700001,0.033299999,0.0115,0.37,0.614942529,15750,36800
Grinnell College,Grinnell,IA,1683,Private,Plains,0.2438,32,65814,20369,101979,0.534883721,0.793300018,0.0971,0.084099998,0.04,0.74137931,0.837209302,15000,49100
Grove City College,Grove City,PA,2291,Private,Mid East,0.7905,27,NA,17121,NA,NA,NA,NA,NA,NA,NA,NA,NA,NA
Guilford College,Greensboro,NC,1414,Private,South East,0.6447,NA,50619,12735,53685,0.501199041,0.725199966,0.209200001,0.046799998,0.023199999,0.493927126,0.441696113,16000,36400
Gustavus Adolphus College,Saint Peter,MN,2229,Private,Plains,0.6616,NA,55753,18443,66699,0.541570439,0.911100006,0.0303,0.030599999,0.024300001,0.776859504,0.792207792,25000,51700
Gwynedd Mercy University,Gwynedd Valley,PA,1943,Private,Mid East,0.92,21,46538,18197,61119,0.776432607,0.803899994,0.130500002,0.0352,0.033900001,0.417647059,0.491002571,20387,54300
Hamilton College,Clinton,NY,1989,Private,Mid East,0.2128,33,67670,32497,111528,0.54214123,0.815899963,0.081899996,0.077600002,0.043000002,NA,NA,15000,60200
Hamline University,Saint Paul,MN,2077,Private,Plains,0.6715,24,49502,17402,69057,0.632007233,0.874499969,0.046199999,0.036900001,0.034100001,0.590361446,0.608796296,18998,49200
Hampden-Sydney College,Hampden-Sydney,VA,1072,Private,South East,0.5903,25,60360,17893,72783,NA,0.781100006,0.164500008,0.0326,0.023099999,NA,NA,21750,52200
Hampshire College,Amherst,MA,1175,Private,New England,0.6285,NA,67106,22675,84636,0.667808219,0.817699966,0.077399998,0.080699997,0.0402,0.620967742,0.649006623,17806,34500
Hampton University,Hampton,VA,3661,Private,South East,0.4385,NA,40521,17093,64674,0.691535151,0.507900009,0.382799988,0.084399996,0.038699999,0.286738351,0.419965577,16250,44700
Hannibal-LaGrange University,Hannibal,MO,677,Private,Plains,0.5364,NA,34924,9620,42570,0.679775281,0.929100037,0.045,0.0153,0.0048,0.316901408,0.431034483,13447,34300
Hanover College,Hanover,IN,1099,Private,Great Lakes,0.7934,25,50450,12231,70236,0.530864198,0.906100006,0.048200002,0.027,0.0191,0.6875,0.717277487,19500,46400
Hardin-Simmons University,Abilene,TX,1719,Private,South West,0.842,21,38708,12188,65943,0.530379747,0.823700027,0.058299999,0.170100002,0.018099999,0.367816092,0.474654378,15750,43300
Harding University,Searcy,AR,3953,Private,South East,0.7462,26,29827,14806,67257,0.568291009,0.845299988,0.088999996,0.0573,0.018200001,0.528150134,0.641129032,20500,40900
Harris-Stowe State University,Saint Louis,MO,1709,Public,Plains,NA,NA,17724,3746,34776,0.670132325,0.375299988,0.586500015,0.018200001,0.0124,0.096330275,0.089918256,11795,26700
Harrisburg University of Science and Technology,Harrisburg,PA,565,Private,Mid East,NA,NA,34757,15180,82026,0.489932886,NA,NA,NA,NA,0.480519481,0.317460317,10300,NA
Hartwick College,Oneonta,NY,1165,Private,Mid East,0.8334,24,57251,22425,70776,0.5712,0.857799988,0.069899998,0.061999998,0.024200001,0.502994012,0.565891473,21500,45800
Harvard University,Cambridge,MA,7582,Private,New England,0.0473,34,71135,33767,184356,0.501538462,0.740800018,0.102799997,0.119099998,0.074000001,0.816239316,0.798449612,12500,89700
Harvey Mudd College,Claremont,CA,886,Private,Far West,0.1448,35,74428,31809,123039,0.43627451,0.7175,0.043000002,0.155299997,0.123599997,NA,NA,20027,88800
Hastings College,Hastings,NE,962,Private,Plains,0.642,22,42551,8567,59130,0.465930018,0.930800018,0.0153,0.055599999,0.011,0.393700787,0.517857143,16752,44400
Haverford College,Haverford,PA,1305,Private,Mid East,0.1879,33,71614,29650,91422,0.471910112,0.773499985,0.108000002,0.103900003,0.051199999,NA,NA,10899,60700
Hawaii Pacific University,Honolulu,HI,3160,Private,Far West,0.7513,23,41216,18044,77193,0.69441903,0.461599998,0.050100002,0.0954,0.273700008,0.376623377,0.409893993,12750,49900
Heidelberg University,Tiffin,OH,1044,Private,Great Lakes,0.7308,22,42734,13103,60678,0.425696594,0.908000031,0.059499998,0.026600001,0.0085,0.371541502,0.548611111,19500,39300
Henderson State University,Arkadelphia,AR,2996,Public,South East,0.9055,22,20429,3495,60327,0.554341576,0.787900009,0.164799995,0.043000002,0.0077,0.243534483,0.348949919,12350,35700
Hendrix College,Conway,AR,1192,Private,South East,0.7217,30,59901,10750,69372,0.505952381,0.816200027,0.117700005,0.055599999,0.0201,0.62244898,0.638655462,20043,39700
Heritage University,Toppenish,WA,758,Private,Far West,NA,NA,25170,15321,67644,0.741648107,0.569599991,0.0086,0.413699989,0.011799999,0.303370787,0.457983193,12809,35900
Herzing University-Atlanta,Atlanta,GA,694,Private,South East,0.9556,NA,29195,13790,53406,0.813546519,0.564399986,0.352099991,0.095,0.025799999,0.27534418,0.332544779,12695,37800
Herzing University-Brookfield,Brookfield,WI,404,Private,Great Lakes,0.9896,NA,27278,13721,65205,0.813546519,NA,NA,NA,NA,0.27534418,0.332544779,12695,37800
Herzing University-Kenosha,Kenosha,WI,426,Private,Great Lakes,0.8718,NA,26895,12658,59121,0.813546519,NA,NA,NA,NA,0.27534418,0.332544779,12695,37800
Herzing University-Minneapolis,St. Louis Park,MN,435,Private,Plains,0.94,NA,26871,13014,55044,0.813546519,0.833199997,0.074299998,0.034200001,0.044299998,0.27534418,0.332544779,12695,37800
High Point University,High Point,NC,4498,Private,South East,0.7695,25,50740,24204,68715,0.633381924,0.762200012,0.179699993,0.0504,0.018,0.083032491,0.101736973,19000,39000
Hilbert College,Hamburg,NY,725,Private,Mid East,0.8358,NA,28858,12852,53622,0.571125265,0.905299988,0.057800002,0.024300001,0.0081,0.597014925,0.642857143,20000,42600
Hillsdale College,Hillsdale,MI,1446,Private,Great Lakes,0.3599,31,NA,10060,63063,NA,NA,NA,NA,NA,NA,NA,NA,NA
Hiram College,Hiram,OH,926,Private,Great Lakes,0.5761,22,46975,16145,56007,0.486166008,0.859100037,0.105,0.021800001,0.0126,0.483870968,0.613861386,22500,42700
Hobart William Smith Colleges,Geneva,NY,2206,Private,Mid East,0.5717,28,69775,27795,85518,0.511968085,0.848499985,0.071799998,0.063899999,0.0298,0.687861272,0.811827957,25000,53500
Hodges University,Naples,FL,853,Private,South East,0.7655,NA,26259,18484,52839,0.644075611,0.841299973,0.083999996,0.145500002,0.0084,0.208819715,0.246642247,14250,37100
Hofstra University,Hempstead,NY,6616,Private,Mid East,0.632,27,58126,27414,121518,0.592383107,0.774899979,0.114300003,0.098000002,0.046500001,0.53539823,0.601918465,18523,53100
Hollins University,Roanoke,VA,666,Private,South East,0.6392,27,53773,10485,64485,NA,0.811299973,0.125900002,0.046500001,0.025599999,NA,NA,19566,35400
Holy Cross College,Notre Dame,IN,498,Private,Great Lakes,0.8827,28,43289,13805,47367,0.40131579,0.849199982,0.075799999,0.056799998,0.028099999,0.415584416,0.363636364,12000,39900
Holy Family University,Philadelphia,PA,1903,Private,Mid East,0.7198,20,36078,15958,62991,0.758715596,0.787099991,0.125299997,0.0596,0.038399999,0.515384615,0.589873418,20000,52700
Holy Names University,Oakland,CA,626,Private,Far West,0.7004,20,55758,16036,72414,0.666666667,0.490400009,0.158000002,0.227999992,0.167000008,0.435643564,0.467661692,18750,50800
Hood College,Frederick,MD,1063,Private,Mid East,0.7138,NA,53017,15101,68616,0.635897436,0.801699982,0.132700005,0.0375,0.0304,0.519379845,0.742857143,19613,45300
Hope College,Holland,MI,3046,Private,Great Lakes,0.7561,26,45252,19319,75303,0.589515331,0.898899994,0.035999999,0.046700001,0.0223,0.651877133,0.764075067,23250,46200
Hope International University,Fullerton,CA,743,Private,Far West,0.2945,21,42424,12251,41238,0.54368932,0.680599976,0.049699998,0.274400005,0.083000002,0.223021583,0.338624339,14858,36000
Houghton College,Houghton,NY,981,Private,Mid East,0.9509,NA,42525,13068,56475,0.578754579,0.915999985,0.045799999,0.0249,0.0127,0.366666667,0.508287293,19500,37400
Houston Baptist University,Houston,TX,2311,Private,South West,0.7002,23,41722,13242,65034,0.645901639,0.597799988,0.19,0.229799995,0.0829,0.328828829,0.411027569,13055,45800
Howard Payne University,Brownwood,TX,895,Private,South West,0.5793,21,39386,12821,52326,0.390670554,0.800699997,0.075700002,0.215100002,0.0147,0.315789474,0.554054054,10575,37600
Howard University,Washington,DC,6166,Private,Mid East,0.3159,25,43201,15476,85689,0.717757937,0.45,0.421699982,0.107799997,0.044899998,0.449186992,0.586792453,22500,49200
Hult International Business School,Cambridge,MA,574,Private,New England,0.5709,NA,60090,25412,93528,NA,NA,NA,NA,NA,NA,NA,5500,NA
Humboldt State University,Arcata,CA,7300,Public,Far West,0.7679,21,24382,4192,86418,0.587191572,0.742600021,0.045799999,0.177600002,0.054099998,0.488687783,0.505802708,14000,36600
Huntingdon College,Montgomery,AL,1078,Private,South East,0.5841,22,35685,11149,61290,0.470414201,0.731999969,0.236700001,0.0191,0.0093,0.379807692,0.594285714,16000,39900
Huntington University,Huntington,IN,981,Private,Great Lakes,0.8319,23,36938,12508,58563,0.662707839,0.947399979,0.0225,0.0226,0.0076,0.546391753,0.523255814,23000,36200
Husson University,Bangor,ME,2682,Private,New England,0.8279,20,29384,12427,65799,0.533425224,NA,NA,NA,NA,0.42739726,0.528189911,20500,NA
Huston-Tillotson University,Austin,TX,1084,Private,South West,0.4689,16,23786,12643,51813,0.587155963,0.562200012,0.236399994,0.304400005,0.028599999,NA,NA,17500,30800
Idaho State University,Pocatello,ID,7593,Public,Rocky Mountains,NA,NA,19858,7564,66519,0.570594775,0.895199966,0.0065,0.081999998,0.0091,0.315839695,0.326908821,13750,35700
Illinois College,Jacksonville,IL,971,Private,Great Lakes,0.7593,NA,42221,11456,63765,0.55597723,0.919400024,0.046799998,0.026900001,0.0093,0.664383562,0.671532847,21250,42800
Illinois Institute of Technology,Chicago,IL,2924,Private,Great Lakes,0.5818,29,60112,20812,111564,0.30011325,0.756800003,0.103699999,0.119399996,0.056199999,0.584415584,0.59047619,21531,69100
Illinois State University,Normal,IL,18044,Public,Great Lakes,0.8918,23,28929,10553,74412,0.562434964,0.847900009,0.081499996,0.0602,0.0301,0.598373984,0.68627451,15500,47100
Illinois Wesleyan University,Bloomington,IL,1686,Private,Great Lakes,0.5855,27,59482,20874,74745,0.522727273,0.835999985,0.080799999,0.061599998,0.041199999,0.739726027,0.779661017,25638,59100
Immaculata University,Immaculata,PA,1285,Private,Mid East,0.8076,25,44472,16308,44505,0.751803752,0.804300003,0.134300003,0.041500001,0.027,0.560344828,0.658536585,21724,50600
Indiana Institute of Technology,Fort Wayne,IN,1524,Private,Great Lakes,0.6318,21,39903,6577,62676,0.661044703,0.813600006,0.134099998,0.041999998,0.0126,0.140625,0.12,9500,42700
Indiana Institute of Technology-College of Professional Studies,Fort Wayne,IN,4456,Private,Great Lakes,NA,NA,20329,6964,67932,NA,NA,NA,NA,NA,NA,NA,NA,NA
Indiana State University,Terre Haute,IN,10348,Public,Great Lakes,0.8991,20,21619,5681,67095,0.585659368,0.886500015,0.078499999,0.026500001,0.0091,0.351181102,0.373902867,12500,39000
Indiana University-Bloomington,Bloomington,IN,32991,Public,Great Lakes,0.7691,28,24326,18261,94203,0.531570727,0.880800018,0.0673,0.035599999,0.020899999,0.583827265,0.614503817,17000,47700
Indiana University-East,Richmond,IN,3028,Public,Great Lakes,0.6488,21,15674,7260,59994,0.678467789,0.951699982,0.0273,0.0108,0.004,0.334437086,0.422556391,12970,31500
Indiana University-Kokomo,Kokomo,IN,2730,Public,Great Lakes,0.7999,21,15444,6736,56484,0.677976953,0.925299988,0.04,0.0248,0.0079,0.274509804,0.347905282,11000,36200
Indiana University-Northwest,Gary,IN,3380,Public,Great Lakes,0.7961,21,13960,6892,64467,0.705784205,0.712600021,0.229200001,0.083000002,0.0075,0.191037736,0.240740741,12500,36300
Indiana University-Purdue University-Indianapolis,Indianapolis,IN,20651,Public,Great Lakes,0.8112,23,20704,11604,76608,0.609940853,0.848899994,0.108599997,0.0305,0.0134,0.341760722,0.404185351,14287,42500
Indiana University-South Bend,South Bend,IN,4603,Public,Great Lakes,0.819,20,16231,6586,57645,0.628215768,0.859100037,0.0796,0.053899999,0.0109,0.191204589,0.247120419,11532,34900
Indiana University-Southeast,New Albany,IN,4555,Public,Great Lakes,0.8508,20,15838,6296,62586,0.645886344,0.906999969,0.0675,0.0146,0.0064,0.254606365,0.289351852,11584,37900
Indiana University of Pennsylvania-Main Campus,Indiana,PA,9069,Public,Mid East,0.93,20,26734,9792,88947,0.580919274,0.897300034,0.073200002,0.0167,0.011799999,0.418079096,0.519198664,20500,40800
Indiana Wesleyan University-Marion,Marion,IN,2647,Private,Great Lakes,0.6829,24,37595,13968,62505,0.729889299,0.869700012,0.090600004,0.0277,0.0121,0.421101774,0.478017241,16667,49900
Indiana Wesleyan University-National & Global,Marion,IN,6280,Private,Great Lakes,NA,NA,27705,10293,62505,0.729889299,NA,NA,NA,NA,0.421101774,0.478017241,16667,NA
Inter American University of Puerto Rico-Aguadilla,Aguadilla,PR,3622,Private,Outlying Territories,0.464,NA,13284,4804,46863,0.540022548,0.824499969,0.065799999,0.983899994,0.002,0.11577424,0.137281292,5500,19800
Inter American University of Puerto Rico-Arecibo,Arecibo,PR,3553,Private,Outlying Territories,0.2828,NA,13476,4893,49977,0.59634425,0.824499969,0.065799999,0.983899994,0.002,0.149812734,0.282051282,5500,19800
Inter American University of Puerto Rico-Barranquitas,Barranquitas,PR,1513,Private,Outlying Territories,0.4017,NA,13479,4836,44613,0.561823802,0.824499969,0.065799999,0.983899994,0.002,0.242320819,0.305676856,2500,19800
Inter American University of Puerto Rico-Bayamon,Bayamon,PR,4169,Private,Outlying Territories,0.3072,NA,13508,5323,50139,0.434991424,0.824499969,0.065799999,0.983899994,0.002,0.136882129,0.230538922,5500,19800
Inter American University of Puerto Rico-Fajardo,Fajardo,PR,1750,Private,Outlying Territories,0.571,NA,14186,5267,47817,0.571837026,0.824499969,0.065799999,0.983899994,0.002,0.11627907,0.227272727,5000,19800
Inter American University of Puerto Rico-Guayama,Guayama,PR,1585,Private,Outlying Territories,0.4308,NA,13893,5251,45774,0.665390505,0.824499969,0.065799999,0.983899994,0.002,0.170289855,0.281105991,6500,19800
Inter American University of Puerto Rico-Metro,San Juan,PR,5377,Private,Outlying Territories,0.1793,NA,17502,6697,52758,0.574260995,0.824499969,0.065799999,0.983899994,0.002,NA,NA,NA,19800
Inter American University of Puerto Rico-Ponce,Mercedita,PR,4155,Private,Outlying Territories,0.2754,NA,13564,5137,47925,0.582067322,0.824499969,0.065799999,0.983899994,0.002,0.207474227,0.285864979,4500,19800
Inter American University of Puerto Rico-San German,San German,PR,3747,Private,Outlying Territories,0.4525,NA,14322,4883,53550,0.521446594,0.824499969,0.065799999,0.983899994,0.002,0.213414634,0.315789474,6000,19800
Iona College,New Rochelle,NY,3005,Private,Mid East,0.8816,23,51146,20002,88263,0.529769959,0.729599991,0.129899998,0.148599997,0.046300001,0.562711864,0.662436548,18500,56100
Iowa State University,Ames,IA,29248,Public,Plains,0.906,25,20476,10827,100557,0.462423697,0.930500031,0.025,0.0324,0.0173,0.586768272,0.673877551,18250,50700
Iowa Wesleyan University,Mount Pleasant,IA,594,Private,Plains,0.5802,21,39393,10588,53208,0.460916442,0.865400009,0.074200001,0.060700002,0.0174,0.194805195,0.483606557,12000,39500
Ithaca College,Ithaca,NY,6072,Private,Mid East,0.6854,NA,61316,21196,80856,0.586305863,0.885500031,0.048000002,0.047800002,0.0303,0.734225621,0.772334294,20500,52300
Jackson State University,Jackson,MS,5305,Public,South East,0.6893,20,22356,5186,65340,0.646478122,0.389099998,0.579199982,0.0272,0.0087,0.27173913,0.386602871,23000,30000
Jacksonville State University,Jacksonville,AL,6394,Public,South East,0.543,23,20050,6509,64098,0.588679245,0.769599991,0.197000008,0.026600001,0.0067,0.304973822,0.411974978,15999,35800
Jacksonville University,Jacksonville,FL,2838,Private,South East,0.8993,24,52073,15287,68553,0.664921466,0.765199966,0.162600002,0.07,0.024400001,0.435643564,0.487309645,15230,50500
James Madison University,Harrisonburg,VA,19679,Public,South East,0.7113,26,26007,10289,78714,0.61322532,0.816399994,0.111099997,0.041599998,0.036500001,0.710780018,0.789876398,17419,56600
Jarvis Christian College,Hawkins,TX,955,Private,South West,NA,NA,23840,8622,54783,0.51627907,0.505900002,0.362999992,0.192199993,0.0186,0.162436548,0.235294118,12000,25800
John Brown University,Siloam Springs,AR,1575,Private,South East,0.7715,27,38834,11732,63441,0.615584416,0.858399963,0.050100002,0.0652,0.015599999,0.532608696,0.60915493,18025,45800
John Carroll University,University Heights,OH,3013,Private,Great Lakes,0.8325,25,54358,15430,81306,0.466329966,0.862799988,0.095900002,0.0273,0.017,0.668711656,0.759075908,23250,53800
Johns Hopkins University,Baltimore,MD,5567,Private,Mid East,0.1148,34,69863,26601,119988,0.517218543,0.756999969,0.1246,0.077399998,0.060700002,0.857831325,0.811700183,13500,73200
Johnson & Wales University-Charlotte,Charlotte,NC,1681,Private,South East,0.8569,NA,47543,15627,84087,0.635339712,0.776699982,0.128500004,0.103900003,0.028699999,0.532483303,0.607732733,15250,38800
Johnson & Wales University-Denver,Denver,CO,969,Private,Rocky Mountains,0.8677,NA,45798,15046,77310,0.635339712,0.776699982,0.128500004,0.103900003,0.028699999,0.532483303,0.607732733,15250,38800
Johnson & Wales University-North Miami,North Miami,FL,1309,Private,South East,0.8352,NA,45727,15363,80883,0.635339712,0.776699982,0.128500004,0.103900003,0.028699999,0.532483303,0.607732733,15250,38800
Johnson & Wales University-Online,Providence,RI,886,Private,New England,0.425,NA,24274,7220,45900,0.635339712,NA,NA,NA,NA,0.532483303,0.607732733,15250,38800
Johnson & Wales University-Providence,Providence,RI,6569,Private,New England,0.91,NA,47882,14500,85896,0.635339712,0.776699982,0.128500004,0.103900003,0.028699999,0.532483303,0.607732733,15250,38800
Johnson C Smith University,Charlotte,NC,1480,Private,South East,0.4583,16,32065,11618,57645,0.586096257,0.471100006,0.433100014,0.082299995,0.0273,0.259911894,0.326530612,19305,28400
Johnson University,Knoxville,TN,748,Private,South East,0.7126,23,24836,11158,48636,0.432122371,0.901100006,0.063499999,0.023699999,0.0098,0.272727273,0.374384236,16370,29800
Judson University,Elgin,IL,999,Private,Great Lakes,0.7101,22,40849,10505,57717,0.613190731,0.853600006,0.054699998,0.106099997,0.0272,0.435897436,0.396648045,19500,42800
Juniata College,Huntingdon,PA,1304,Private,Mid East,0.7017,NA,57797,17817,72819,0.56996587,0.925199966,0.0397,0.023599999,0.0146,0.706293706,0.748538012,26803,49200
Kalamazoo College,Kalamazoo,MI,1446,Private,Great Lakes,0.728,NA,59267,17245,64044,0.58313253,0.8525,0.079099998,0.040700002,0.03,0.689655172,0.766917293,20500,48700
Kansas City Art Institute,Kansas City,MO,665,Private,Plains,0.692,NA,53021,19228,66483,0.733893557,0.867900009,0.063099999,0.063000002,0.021199999,0.625,0.611111111,21000,31200
Kansas State University,Manhattan,KS,17611,Public,Plains,0.934,NA,23724,12018,81954,0.520871143,0.889400024,0.044499998,0.0525,0.0163,0.455761317,0.555057299,17500,45600
Kansas Wesleyan University,Salina,KS,650,Private,Plains,0.4681,23,42545,12671,49977,0.424063116,0.851500015,0.045599999,0.101599998,0.020799999,0.405940594,0.491666667,12878,40300
Kean University,Union,NJ,11679,Public,Mid East,0.8598,20,24966,9302,77724,0.623646209,0.646500015,0.193299999,0.160499992,0.066500001,0.418386492,0.486866219,17751,46100
Keene State College,Keene,NH,3416,Public,New England,0.8136,21,26211,10945,83394,0.566523605,0.950100021,0.0137,0.0205,0.0147,0.543520309,0.622036262,20500,42400
Kennesaw State University,Kennesaw,GA,31511,Public,South East,0.5794,24,23824,6413,64503,0.47412539,NA,NA,NA,NA,0.314620605,0.387704237,14850,NA
Kent State University at Kent,Kent,OH,21793,Public,Great Lakes,0.8535,23,23751,9849,82287,0.63649635,0.902099991,0.07,0.0142,0.0092,0.314574315,0.403450195,17470,38000
Kentucky Christian University,Grayson,KY,502,Private,South East,0.3744,19,32749,9015,43101,0.434640523,0.937099991,0.037,0.0159,0.0064,0.280821918,0.493975904,10625,34600
Kentucky State University,Frankfort,KY,1233,Public,South East,0.7217,17,18975,7715,53046,0.576437588,0.649599991,0.306900005,0.031700001,0.0112,0.153846154,0.315789474,17479,28700
Kentucky Wesleyan College,Owensboro,KY,783,Private,South East,0.6416,23,37572,11205,47115,0.455188679,0.890999985,0.075,0.025599999,0.0078,0.36036036,0.434343434,13500,36700
Kenyon College,Gambier,OH,1719,Private,Great Lakes,0.3583,31,69230,30723,78903,0.528089888,0.830599976,0.091400003,0.057600002,0.0324,NA,NA,16000,48700
Kettering College,Kettering,OH,610,Private,Great Lakes,0.2663,22,23138,12903,67401,0.891373802,0.895899963,0.0696,0.0152,0.0129,0.466666667,0.381188119,21750,54500
Kettering University,Flint,MI,1861,Private,Great Lakes,0.7027,28,59227,19893,77436,0.190184049,0.865899963,0.078200002,0.038800001,0.0192,0.420664207,0.46875,27000,80500
Keuka College,Keuka Park,NY,1671,Private,Mid East,0.856,NA,47434,15039,57150,0.758450124,0.905800018,0.055599999,0.0274,0.0101,0.355072464,0.347826087,19960,43800
Keystone College,La Plume,PA,1190,Private,Mid East,0.706,NA,39511,13668,55971,0.594771242,0.934499969,0.0345,0.0299,0.0091,0.38647343,0.488448845,18487,33100
King's College,Wilkes-Barre,PA,2122,Private,Mid East,0.7759,NA,49355,18400,72468,0.502884615,0.921200027,0.041199999,0.0279,0.0161,0.582524272,0.646840149,20500,51000
King University,Bristol,TN,1539,Private,South East,0.5813,22,40864,10414,44640,0.666267226,0.927200012,0.043099999,0.0187,0.0087,0.286738351,0.36,18431,43500
Knox College,Galesburg,IL,1318,Private,Great Lakes,0.7421,NA,56451,16402,67293,0.605313093,0.845199966,0.072199998,0.0698,0.031400001,0.577586207,0.661375661,24475,39700
Kutztown University of Pennsylvania,Kutztown,PA,7335,Public,Mid East,0.831,21,27031,8513,84591,0.540731707,0.868799973,0.076500001,0.044299998,0.0203,0.466787989,0.5566787,19125,41600
La Roche University,Pittsburgh,PA,1262,Private,Mid East,0.9939,19,40984,15301,64692,0.633888048,0.914100037,0.0596,0.0128,0.011900001,0.550387597,0.636363636,19000,40400
La Salle University,Philadelphia,PA,3766,Private,Mid East,0.8118,NA,41961,14379,86283,0.636515913,0.714499969,0.189400005,0.0721,0.039000001,0.636597938,0.574441687,19500,58000
La Sierra University,Riverside,CA,1666,Private,Far West,0.4709,20,43906,29673,72000,0.633611691,0.599399986,0.077800002,0.333400002,0.087700005,0.296153846,0.306976744,18745,49500
Lafayette College,Easton,PA,2616,Private,Mid East,0.2939,30,68640,31923,108936,0.579399142,0.838199997,0.075300002,0.068499999,0.038499999,0.826923077,0.917808219,19500,68600
LaGrange College,Lagrange,GA,858,Private,South East,0.4818,22,43020,14245,58725,0.432387312,0.704100037,0.252600002,0.0346,0.014400001,0.32,0.463576159,13441,39600
Laguna College of Art and Design,Laguna Beach,CA,705,Private,Far West,0.8093,NA,41551,20583,80613,0.719806763,0.731100006,0.053400002,0.187000008,0.086000004,0.679245283,0.6,19786,32900
Lake Erie College,Painesville,OH,703,Private,Great Lakes,0.65,20,43169,11579,57762,0.442222222,0.889599991,0.0723,0.0278,0.0109,0.385135135,0.543046358,15250,36200
Lake Forest College,Lake Forest,IL,1466,Private,Great Lakes,0.5792,NA,58232,16942,77886,0.603040541,0.823899994,0.071599998,0.088299999,0.046300001,0.624113475,0.76076555,25745,50900
Lake Superior State University,Sault Ste Marie,MI,1873,Public,Great Lakes,0.6338,22,22176,7615,58446,0.556390977,0.868899994,0.0376,0.0186,0.0063,0.394039735,0.466887417,14701,37700
Lakeland University,Plymouth,WI,1765,Private,Great Lakes,0.5198,19,39929,11664,61164,0.576576577,0.870199966,0.070599999,0.0373,0.021300001,0.390804598,0.440789474,19200,42800
Lamar University,Beaumont,TX,8623,Public,South West,0.8432,21,20016,6816,72468,0.653966831,0.655699997,0.239699993,0.132200003,0.026300001,0.165938865,0.231722429,12500,39500
Lancaster Bible College,Lancaster,PA,1530,Private,Mid East,0.6357,23,33519,12902,52110,0.509345794,0.913499985,0.044499998,0.033800001,0.0136,0.439393939,0.5,13741,34300
Lander University,Greenwood,SC,2879,Public,South East,0.4257,20,23942,5691,55863,0.712750716,0.700500031,0.270599995,0.023399999,0.0075,0.348547718,0.381031614,12463,34200
Lane College,Jackson,TN,1232,Private,South East,NA,NA,21568,9279,46458,0.429816914,0.405999985,0.539000015,0.045900002,0.0151,0.120274914,0.237373737,15750,25400
Langston University,Langston,OK,1910,Public,South West,NA,NA,20429,4271,52380,0.606796117,0.511699982,0.333699989,0.106899996,0.0324,0.099644128,0.272727273,12250,27700
Lasell University,Newton,MA,1650,Private,New England,0.7978,21,51948,18927,74169,0.667400881,0.880599976,0.0473,0.0502,0.0272,0.530927835,0.616216216,23250,43000
Lawrence Technological University,Southfield,MI,1991,Private,Great Lakes,0.7772,26,45692,22741,70101,0.281493002,0.801500015,0.1421,0.025799999,0.0225,0.469635628,0.41322314,19500,55300
Lawrence University,Appleton,WI,1431,Private,Great Lakes,0.6248,29,58458,18536,73287,0.52494577,0.886200027,0.0402,0.046100001,0.0326,0.584,0.75,19849,44100
Le Moyne-Owen College,Memphis,TN,884,Private,South East,0.9284,16,17758,10055,42651,0.644846797,0.247000008,0.716900024,0.0274,0.01,NA,NA,12500,28400
Le Moyne College,Syracuse,NY,2607,Private,Mid East,0.688,26,47551,15572,81180,0.601865136,0.878600006,0.065,0.038,0.0191,0.68683274,0.677165354,19500,49600
Lebanon Valley College,Annville,PA,1684,Private,Mid East,0.7821,25,56287,17489,68742,0.543712575,0.921800003,0.0374,0.031900001,0.015599999,0.621052632,0.690821256,23460,45800
Lee University,Cleveland,TN,4258,Private,South East,0.8919,25,30095,11264,66357,0.589823468,0.856900024,0.092399998,0.042600002,0.0142,0.361570248,0.52228164,17500,34200
Lees-McRae College,Banner Elk,NC,952,Private,South East,0.5718,NA,42130,9087,46710,0.66720517,0.844400024,0.107600002,0.0423,0.014400001,0.47706422,0.605128205,15750,33200
Lehigh University,Bethlehem,PA,5030,Private,Mid East,0.2233,31,65652,29693,121653,0.447535771,0.872799988,0.0504,0.049400001,0.041700001,0.801652893,0.898989899,21000,81900
Lenoir-Rhyne University,Hickory,NC,1699,Private,South East,0.7389,NA,49198,12594,69444,0.602844639,0.840599976,0.105200005,0.043800001,0.020999999,0.457142857,0.538793103,15952,38500
Lesley University,Cambridge,MA,2108,Private,New England,0.7572,26,45871,19361,78129,0.792857143,0.840800018,0.065900002,0.0577,0.039300001,0.472222222,0.598465473,15750,38700
LeTourneau University,Longview,TX,1771,Private,South West,0.4553,25,42509,15400,59499,0.516771489,0.721200027,0.148199997,0.161700001,0.032,0.416083916,0.298305085,20000,48200
Lewis-Clark State College,Lewiston,ID,2787,Public,Rocky Mountains,0.9989,20,15993,4440,55917,0.635422657,0.914499969,0.0065,0.039000001,0.0091,0.343675418,0.386824324,10967,34600
Lewis & Clark College,Portland,OR,2011,Private,Far West,0.7376,NA,63999,24584,87642,0.619932432,0.824899979,0.033299999,0.087299995,0.055,0.723577236,0.738738739,17480,46200
Lewis University,Romeoville,IL,4217,Private,Great Lakes,0.5776,24,39946,16271,83691,0.549180328,0.781200027,0.117299995,0.107700005,0.033199999,0.421568627,0.574647887,19500,48800
Liberty University,Lynchburg,VA,45370,Private,South East,0.5554,25,38076,11262,57312,0.643964859,0.791299973,0.143299999,0.055599999,0.0201,0.274177608,0.267973856,17500,36700
Life Pacific University,San Dimas,CA,504,Private,Far West,0.9568,19,27086,10917,56700,0.552715655,0.713499985,0.058800001,0.226900005,0.0646,0.342465753,0.527777778,14000,32700
Life University,Marietta,GA,888,Private,South East,0.9363,19,35561,20119,61740,0.577603143,0.758300018,0.164699993,0.083299999,0.0254,0.427135678,0.430555556,9854,35600
LIM College,New York,NY,1503,Private,Mid East,0.8346,21,46352,27234,56790,0.90962963,0.749100037,0.118199997,0.124899998,0.053400002,0.433333333,0.513513514,17750,46000
Limestone College,Gaffney,SC,2278,Private,South East,0.4416,21,40606,13130,47709,0.56127321,0.657799988,0.305400009,0.0248,0.012,0.217391304,0.287671233,16000,37400
Lincoln College,Lincoln,IL,960,Private,Great Lakes,0.7953,17,30455,8769,46800,0.524752475,0.818300018,0.118100004,0.054899998,0.024400001,0.24796748,0.260997067,9500,30900
Lincoln Memorial University,Harrogate,TN,1861,Private,South East,0.5971,22,34989,26566,59193,0.747609943,0.936200027,0.038800001,0.0154,0.0057,0.550724638,0.61038961,14495,38200
Lincoln University,Jefferson City,MO,1911,Public,Plains,NA,NA,17186,2828,52092,0.564926372,0.637900009,0.304200001,0.038299999,0.0175,0.168639053,0.208226221,12902,31400
Lincoln University,Lincoln University,PA,2113,Public,Mid East,0.4927,18,25170,6113,79380,0.614722005,0.368499985,0.511199989,0.113500004,0.0322,0.318584071,0.432835821,19500,34600
Lindenwood University,Saint Charles,MO,6458,Private,Plains,0.8811,23,30117,13700,67968,0.577721661,0.842300034,0.115699997,0.036099999,0.0135,0.439503619,0.512489233,21458,41300
Lindsey Wilson College,Columbia,KY,1925,Private,South East,NA,NA,37201,8559,53478,0.626822157,0.934400024,0.046100001,0.013,0.0042,0.326666667,0.468131868,13651,28800
Linfield College-McMinnville Campus,McMinnville,OR,1343,Private,Far West,0.8104,23,56084,20770,63522,0.700773861,0.850299988,0.0192,0.0825,0.0404,0.563981043,0.707373272,22026,55200
Lipscomb University,Nashville,TN,2914,Private,South East,0.5951,26,45377,19419,69858,0.646973012,0.844400024,0.107299995,0.034100001,0.0164,0.556818182,0.630979499,15750,43200
Livingstone College,Salisbury,NC,1148,Private,South East,0.4164,15,27595,12403,46179,0.491370558,0.520499992,0.402799988,0.074200001,0.0189,0.193661972,0.353741497,14250,23400
Lock Haven University,Lock Haven,PA,3020,Public,Mid East,0.9434,22,24373,8282,92043,0.57703631,0.912300034,0.055300002,0.023499999,0.0116,0.426395939,0.547878788,19500,41500
Loma Linda University,Loma Linda,CA,1052,Private,Far West,NA,NA,NA,35083,75240,0.708943089,0.644199982,0.065799999,0.268099995,0.097600002,0.769911504,0.866666667,20221,80600
Long Island University,Brookville,NY,6323,Private,Mid East,0.7554,24,48623,25158,105021,0.683901005,0.586399994,0.240200005,0.157799997,0.063899999,0.341052632,0.415894686,18750,49000
Longwood University,Farmville,VA,4028,Public,South East,0.8913,21,26581,6848,67356,0.687763713,0.734700012,0.209599991,0.029300001,0.0247,0.364820847,0.494809689,17504,41500
Loras College,Dubuque,IA,1361,Private,Plains,0.9268,22,43465,12634,58077,0.463525836,0.933700027,0.0252,0.031199999,0.0155,0.567961165,0.68125,20500,44600
Los Angeles Pacific University,San Dimas,CA,1873,Private,Far West,NA,NA,23625,12616,64080,0.725888325,NA,NA,NA,NA,0.49327957,0.532236842,18970,51100
Louisiana College,Pineville,LA,934,Private,South East,0.7847,21,25396,10243,49509,0.440414508,0.726100006,0.231800003,0.029000001,0.0115,0.21686747,0.404580153,10250,42800
Louisiana State University-Alexandria,Alexandria,LA,2673,Public,South East,0.5645,20,14488,5587,55458,0.681665547,0.695100021,0.275699997,0.0159,0.0064,0.210526316,0.295336788,9329,33700
Louisiana State University-Shreveport,Shreveport,LA,2175,Public,South East,0.8652,23,17712,7690,64593,0.664489796,0.636300011,0.327400017,0.026300001,0.0096,0.282786885,0.341004184,12706,35700
Louisiana State University and Agricultural & Mechanical College,Baton Rouge,LA,23468,Public,South East,0.7423,26,28539,12076,91728,0.572788919,0.702900009,0.246900005,0.0399,0.0205,0.513575968,0.579970831,13000,50100
Louisiana State University Health Sciences Center-New Orleans,New Orleans,LA,915,Public,South East,NA,NA,NA,17102,75411,0.840963855,0.678799973,0.264899998,0.040500002,0.0271,0.592592593,0.852678571,17728,68800
Louisiana Tech University,Ruston,LA,8192,Public,South East,0.6307,25,20098,7696,71037,0.486405836,0.682600021,0.282600002,0.026500001,0.01,0.418269231,0.532163743,13000,41500
Lourdes University,Sylvania,OH,1014,Private,Great Lakes,0.8946,21,33106,12665,50805,0.612781955,0.821999969,0.130799999,0.0372,0.012,0.407894737,0.344086022,21348,36500
Loyola Marymount University,Los Angeles,CA,6557,Private,Far West,0.4713,29,64484,33429,105597,0.599121362,0.625099983,0.078200002,0.241700001,0.120100002,0.765957447,0.788643533,19000,61300
Loyola University Chicago,Chicago,IL,11727,Private,Great Lakes,0.6792,28,57297,24717,95751,0.685300668,0.764899979,0.100799999,0.1221,0.0546,0.630522088,0.675017895,20000,54100
Loyola University Maryland,Baltimore,MD,3860,Private,Mid East,0.7874,NA,64159,24622,79920,0.602739726,0.829100037,0.0921,0.054099998,0.041100001,0.787985866,0.770114943,26945,68100
Loyola University New Orleans,New Orleans,LA,2868,Private,South East,0.9431,25,52842,15191,77247,0.643323996,0.719300003,0.192099991,0.102299995,0.033900001,0.552238806,0.558044807,19500,47100
Lubbock Christian University,Lubbock,TX,1393,Private,South West,0.8966,22,33984,13988,57672,0.637243047,0.788499985,0.053200002,0.256700001,0.0136,0.366459627,0.474164134,14825,41800
Luther College,Decorah,IA,1974,Private,Plains,0.6257,26,54045,16779,67833,0.524271845,0.933499985,0.0223,0.028199999,0.0172,0.64573991,0.755319149,25250,47400
Lycoming College,Williamsport,PA,1131,Private,Mid East,0.656,22,53138,10560,69129,0.481308411,0.915,0.046599998,0.023,0.0172,0.610294118,0.628742515,25938,45700
Lynn University,Boca Raton,FL,2194,Private,South East,0.7045,22,55100,20918,49374,0.596701649,0.8075,0.106099997,0.112799997,0.0322,0.52892562,0.561151079,11250,39300
Lyon College,Batesville,AR,655,Private,South East,0.4986,25,38173,9961,59895,0.432506887,0.887099991,0.068699999,0.031300001,0.0093,0.532467532,0.471910112,13250,38600
Macalester College,Saint Paul,MN,2160,Private,Plains,0.4124,31,66280,23225,95607,0.593385214,0.835800018,0.0623,0.0602,0.040900002,0.807142857,0.912371134,19432,47600
MacMurray College,Jacksonville,IL,548,Private,Great Lakes,0.5535,20,36602,11369,53307,0.473684211,0.873199997,0.089300003,0.031900001,0.0111,0.403669725,0.512,18326,36200
Madonna University,Livonia,MI,2311,Private,Great Lakes,0.7827,22,30767,14400,66393,0.687229437,0.765400009,0.177099991,0.025899999,0.025699999,0.441340782,0.429166667,20500,40900
Maine Maritime Academy,Castine,ME,979,Public,New England,0.5502,24,26962,19910,106254,0.175054705,0.952099991,0.0159,0.0203,0.0081,0.610328638,0.631578947,27000,95600
Malone University,Canton,OH,1188,Private,Great Lakes,0.6969,22,41887,11545,58959,0.568521031,0.909499969,0.064899998,0.0127,0.0073,0.449541284,0.573333333,15703,41700
Manchester University,North Manchester,IN,1186,Private,Great Lakes,0.5932,NA,43805,16126,70641,0.536684783,0.910100021,0.0471,0.041100001,0.0082,0.467980296,0.546961326,16750,40700
Manhattan College,Riverdale,NY,3654,Private,Mid East,0.7455,25,56535,23401,100584,0.477941177,0.787200012,0.084099998,0.131599998,0.043899999,0.705463183,0.685393258,21500,65000
Manhattan School of Music,New York,NY,511,Private,Mid East,0.3784,NA,67051,32392,72747,0.453846154,0.790699997,0.075,0.111899996,0.060599999,NA,NA,19270,32300
Manhattanville College,Purchase,NY,1546,Private,Mid East,0.8994,NA,51001,17418,79812,0.707349081,0.756900024,0.109399996,0.149799995,0.042800002,0.5,0.641337386,20205,45600
Mansfield University of Pennsylvania,Mansfield,PA,1552,Public,Mid East,0.9235,20,27222,7601,89136,0.593085106,0.914700012,0.0552,0.0199,0.0094,0.450867052,0.484435798,20000,38600
Maranatha Baptist University,Watertown,WI,623,Private,Great Lakes,0.908,23,25217,12099,40878,0.556164384,0.907900009,0.042800002,0.0448,0.0116,0.375,0.380530973,12000,33000
Marian University,Indianapolis,IN,2226,Private,Great Lakes,0.6138,23,46512,22016,60849,0.665194996,0.809700012,0.145900002,0.030599999,0.0139,0.374449339,0.489559165,19500,43300
Marian University,Fond Du Lac,WI,1417,Private,Great Lakes,0.6504,20,38180,14410,59472,0.694813028,0.9175,0.043000002,0.0271,0.013,0.496453901,0.5,16743,41700
Marietta College,Marietta,OH,985,Private,Great Lakes,0.6903,23,49170,16544,66780,0.381609195,0.916200027,0.053600001,0.016799999,0.0108,0.43902439,0.524137931,23322,45800
Marist College,Poughkeepsie,NY,5405,Private,Mid East,0.4623,NA,54028,23876,86166,0.601010101,0.847300034,0.069000001,0.075500002,0.034300001,0.706976744,0.782178218,21198,56900
Marquette University,Milwaukee,WI,8200,Private,Great Lakes,0.8166,27,54851,22395,89442,0.585407001,0.853499985,0.070100002,0.064000001,0.0304,0.779130435,0.808720113,21261,62600
Mars Hill University,Mars Hill,NC,1130,Private,South East,0.5737,19,43531,10847,47052,0.563736264,0.840899963,0.113100004,0.038299999,0.013099999,0.342948718,0.454183267,14250,31500
Marshall University,Huntington,WV,8086,Public,South East,0.9062,22,19016,7213,68859,0.586842761,0.931299973,0.0448,0.011,0.0078,0.323874755,0.425135764,15250,35600
Martin Luther College,New Ulm,MN,803,Private,Plains,0.8926,24,25570,13819,39987,0.472789116,0.904199982,0.036500001,0.0446,0.020999999,0.584269663,0.698630137,15625,37300
Martin Methodist College,Pulaski,TN,792,Private,South East,0.9961,21,39407,9919,50679,0.632107023,0.869700012,0.103800001,0.021700001,0.0048,0.265151515,0.333333333,12000,32700
Mary Baldwin University,Staunton,VA,1248,Private,South East,0.9991,21,43207,13260,62397,0.931125828,0.765999985,0.179799995,0.036099999,0.0205,0.322580645,0.430656934,18993,37200
Maryland Institute College of Art,Baltimore,MD,1774,Private,Mid East,0.6426,26,61990,29865,73782,0.722222222,0.795999985,0.116499996,0.068899999,0.043600001,0.683168317,0.65560166,21500,37300
Marymount Manhattan College,New York,NY,2032,Private,Mid East,0.7807,24,53927,23044,81630,0.789704272,0.769300003,0.110299997,0.104099998,0.0502,0.48,0.520547945,16750,41400
Marymount University,Arlington,VA,2243,Private,South East,0.9091,21,45204,21474,77157,0.702755906,0.675999985,0.181200008,0.098299999,0.066599998,0.496732026,0.593818985,19500,53600
Maryville College,Maryville,TN,1106,Private,South East,0.5452,25,47873,9866,60885,0.505185185,0.895,0.065999999,0.0321,0.0111,0.47972973,0.523316062,17079,39000
Maryville University of Saint Louis,Saint Louis,MO,3609,Private,Plains,0.945,23,45050,12781,74502,0.694421989,0.890199966,0.075799999,0.016,0.014400001,0.519553073,0.492813142,16453,47200
Marywood University,Scranton,PA,1810,Private,Mid East,0.7636,24,47336,16780,68661,0.726244344,0.931200027,0.028900001,0.033800001,0.0151,0.653846154,0.604010025,24500,39600
Massachusetts College of Art and Design,Boston,MA,1828,Public,New England,0.6719,NA,28776,13756,86634,0.718703976,0.858499985,0.050100002,0.0621,0.0372,0.632478632,0.613138686,20000,36200
Massachusetts College of Liberal Arts,North Adams,MA,1260,Public,New England,0.7369,23,23488,6495,78948,0.636942675,0.908700027,0.0376,0.036900001,0.018200001,0.553459119,0.515789474,17500,35800
Massachusetts Institute of Technology,Cambridge,MA,4550,Private,New England,0.0674,35,67430,31369,169668,0.371888726,0.763600006,0.085100002,0.135500002,0.071199999,0.891213389,0.889502762,11625,104700
Massachusetts Maritime Academy,Buzzards Bay,MA,1653,Public,New England,0.8905,23,25659,11049,87066,0.128169014,0.915299988,0.0304,0.030699999,0.021300001,0.692607004,0.717948718,22976,86600
Mayville State University,Mayville,ND,878,Public,Plains,0.8608,22,16209,6051,52380,0.575925926,0.881299973,0.0223,0.041799998,0.0105,0.247863248,0.42,11738,39300
McDaniel College,Westminster,MD,1542,Private,Mid East,0.6431,24,55295,14491,63576,0.516901409,0.833600006,0.108500004,0.030799999,0.029100001,0.602272727,0.711009174,19500,49700
McKendree University,Lebanon,IL,1924,Private,Great Lakes,0.6663,24,41911,12058,60804,0.542563143,0.867300034,0.098500004,0.023699999,0.0093,0.475982533,0.556923077,17500,45800
McMurry University,Abilene,TX,1080,Private,South West,0.4124,21,40145,14705,59436,0.430397727,0.785999985,0.0746,0.223600006,0.0167,0.263888889,0.471204188,12500,41000
McNeese State University,Lake Charles,LA,6022,Public,South East,0.7032,23,18978,6333,59481,0.637117904,0.736399994,0.230599995,0.023599999,0.0084,0.333976834,0.389339513,12153,38200
McPherson College,McPherson,KS,716,Private,Plains,0.7709,21,41047,10930,55377,0.368181818,0.881800003,0.040999999,0.078800001,0.015599999,0.240601504,0.429906542,14000,39300
MCPHS University,Boston,MA,3933,Private,New England,0.9348,25,51537,29045,88587,0.770822281,0.824100037,0.057800002,0.076999998,0.0546,0.627062706,0.738441215,24500,116000
Medaille College,Buffalo,NY,1490,Private,Mid East,0.6348,20,35179,12733,50661,0.721763085,0.839100037,0.117200003,0.0305,0.0126,0.278106509,0.249427918,14250,39400
Menlo College,Atherton,CA,706,Private,Far West,0.4548,21,57546,18298,100350,0.509493671,0.580099983,0.049499998,0.221700001,0.163299999,0.453608247,0.542168675,15750,50900
Mercer University,Macon,GA,4765,Private,South East,0.72,28,50850,18120,77751,0.663894325,0.675100021,0.268299999,0.045700002,0.020899999,0.503778338,0.553072626,20000,48200
Mercy College,Dobbs Ferry,NY,5870,Private,Mid East,0.7945,NA,29968,16084,81441,0.704713983,0.479300003,0.279699993,0.300699997,0.044099998,0.409756098,0.420243434,18277,39700
Mercy College of Health Sciences,Des Moines,IA,724,Private,Plains,0.9505,NA,26831,18695,51237,0.863084922,0.939899979,0.0195,0.0254,0.0151,0.461538462,0.567272727,14000,47000
Mercyhurst University,Erie,PA,2374,Private,Mid East,0.5981,NA,49928,14672,67932,0.567702553,0.908799973,0.057800002,0.020699999,0.0112,0.371428571,0.527977044,17076,40300
Meredith College,Raleigh,NC,1563,Private,South East,0.6257,23,47430,18498,66897,0.979567308,0.728300018,0.204599991,0.050799999,0.023199999,NA,NA,19500,39500
Merrimack College,North Andover,MA,3648,Private,New England,0.8276,NA,55485,19192,79389,0.530229746,0.908099976,0.023,0.046900001,0.0274,0.663461538,0.727272727,23250,57100
Messiah College,Mechanicsburg,PA,2633,Private,Mid East,0.7889,26,47337,17305,77517,0.633608815,0.901900024,0.0521,0.031600001,0.019400001,0.7239819,0.7275,21250,45100
Methodist College,Peoria,IL,687,Private,Great Lakes,0.3919,19,34875,22116,60480,0.895774648,NA,NA,NA,NA,0.454545455,0.578680203,29500,NA
Methodist University,Fayetteville,NC,1759,Private,South East,0.5469,21,53305,15825,65349,0.456594324,0.683499985,0.237000008,0.061300001,0.018099999,0.160714286,0.354948805,12000,39300
Metropolitan College of New York,New York,NY,697,Private,Mid East,0.7895,NA,31728,17551,62496,0.788571429,0.272299995,0.454599991,0.308999996,0.058200002,0.277310924,0.318032787,14750,36600
Metropolitan State University,Saint Paul,MN,6768,Public,Plains,0.5379,NA,21223,5240,85176,0.60865665,0.811200027,0.0746,0.045,0.057199998,0.394818653,0.40096231,14000,48200
Metropolitan State University of Denver,Denver,CO,18809,Public,Rocky Mountains,0.5945,20,21702,7043,58905,0.56826252,0.802300034,0.054899998,0.171399994,0.0296,0.212660323,0.309759547,12813,40200
Miami International University of Art & Design-Art Institute Dallas,Dallas,TX,587,Private,South West,NA,NA,25678,9988,51273,0.762866865,0.733000031,0.126099997,0.188199997,0.0326,0.111770524,0.15137503,12667,33400
Miami University-Hamilton,Hamilton,OH,2452,Public,Great Lakes,NA,NA,13327,6652,64143,0.541991342,0.894700012,0.0677,0.0172,0.0172,0.451688009,0.536893204,15750,47100
Miami University-Middletown,Middletown,OH,1443,Public,Great Lakes,NA,NA,15203,9027,67563,0.541991342,0.894700012,0.0677,0.0172,0.0172,0.451688009,0.536893204,15750,47100
Miami University-Oxford,Oxford,OH,17038,Public,Great Lakes,0.7455,28,31811,18359,85806,0.541991342,0.894700012,0.0677,0.0172,0.0172,0.451688009,0.536893204,15750,47100
Michigan State University,East Lansing,MI,39208,Public,Great Lakes,0.7768,26,28194,19137,106218,0.553479011,0.836100006,0.103800001,0.036900001,0.023499999,0.667279412,0.713021492,21250,53600
Michigan Technological University,Houghton,MI,5736,Public,Great Lakes,0.7388,27,28176,14825,93096,0.277468354,0.922300034,0.0304,0.023,0.0135,0.537275064,0.633699634,19500,66400
Mid-America Christian University,Oklahoma City,OK,1426,Private,South West,NA,NA,26902,11620,45342,0.662586075,0.799800034,0.066199999,0.067800002,0.0171,0.192982456,0.211225997,12125,37700
MidAmerica Nazarene University,Olathe,KS,1160,Private,Plains,0.5853,22,42197,12366,58860,0.580683157,0.873799973,0.061999998,0.049400001,0.0186,0.390243902,0.587662338,13396,42900
Middle Georgia State University,Macon,GA,6931,Public,South East,0.9196,18,14919,3858,53433,0.58880597,NA,NA,NA,NA,0.191148776,0.208010336,11000,31500
Middle Tennessee State University,Murfreesboro,TN,18001,Public,South East,0.9353,23,20718,7078,75690,0.580851866,0.822900009,0.131899996,0.030899999,0.0147,0.383905013,0.431133429,15000,38700
Middlebury College,Middlebury,VT,2550,Private,New England,0.1671,33,69464,44232,102312,0.53432282,0.818499985,0.073299999,0.085,0.042800002,0.859375,0.910447761,12000,58200
Midland University,Fremont,NE,1212,Private,Plains,0.5207,21,43340,12936,54054,0.425948592,0.918799973,0.019,0.048400002,0.0153,0.360169492,0.474178404,13250,39900
Midway University,Midway,KY,1036,Private,South East,0.6059,21,39350,12130,58635,0.783359498,0.919800034,0.054099998,0.0178,0.0068,0.265306122,0.366366366,14580,34500
Midwestern Baptist Theological Seminary,Kansas City,MO,588,Private,Plains,0.9561,23,17684,5924,38232,0.260416667,0.911999969,0.038699999,0.036500001,0.0125,NA,NA,9500,NA
Midwestern State University,Wichita Falls,TX,5372,Public,South West,0.7107,20,18110,6906,71037,0.583907057,0.781200027,0.103000002,0.136499996,0.023399999,0.311764706,0.48673947,13750,41100
Miles College,Fairfield,AL,1546,Private,South East,NA,NA,22828,4728,41535,0.46680791,0.358800011,0.607200012,0.028199999,0.0094,0.150485437,0.280701754,14250,26500
Millersville University of Pennsylvania,Millersville,PA,6597,Public,Mid East,0.7796,NA,26637,9808,90045,0.568294823,0.863300018,0.0854,0.042199998,0.017,0.475336323,0.544618215,17150,43500
Milligan College,Milligan College,TN,780,Private,South East,0.834,25,43349,13659,57240,0.623115578,NA,NA,NA,NA,0.476190476,0.641025641,19000,NA
Millikin University,Decatur,IL,1918,Private,Great Lakes,0.6126,24,46026,13477,55197,0.544904137,0.849000015,0.104499998,0.040100002,0.014400001,0.464788732,0.605333333,20000,42900
Mills College,Oakland,CA,757,Private,Far West,0.8554,25,63047,19045,92772,NA,0.623199997,0.1054,0.176900005,0.129700003,NA,NA,19000,39900
Millsaps College,Jackson,MS,793,Private,South East,0.5931,25,54663,12838,73845,0.497126437,0.701999969,0.252999992,0.038599999,0.0167,0.52,0.662162162,18500,48100
Milwaukee Institute of Art & Design,Milwaukee,WI,753,Private,Great Lakes,0.6401,NA,46529,20849,50319,0.653439153,0.863399963,0.070599999,0.056900001,0.0204,0.470588235,0.495575221,20700,33300
Milwaukee School of Engineering,Milwaukee,WI,2582,Private,Great Lakes,0.6311,28,51009,15998,86931,0.292797007,0.877399979,0.063600001,0.046199999,0.0201,0.635678392,0.576923077,25000,71300
Minneapolis College of Art and Design,Minneapolis,MN,717,Private,Plains,0.6263,23,49327,21100,66303,0.661498708,0.872799988,0.048499999,0.048699999,0.028499999,0.61038961,0.59375,20500,35400
Minnesota State University-Mankato,Mankato,MN,11675,Public,Plains,0.6092,22,19883,6988,84960,0.569521691,0.929599991,0.020699999,0.028599999,0.0192,0.395833333,0.464419476,15000,44900
Minnesota State University Moorhead,Moorhead,MN,4572,Public,Plains,0.6025,23,21414,5928,82035,0.596189591,0.943799973,0.0105,0.0202,0.0096,0.403149606,0.545064378,15690,40600
Minot State University,Minot,ND,2410,Public,Plains,0.501,21,15576,5977,63090,0.620545073,0.900800018,0.015700001,0.023900001,0.0074,0.261904762,0.31865285,11169,41200
Misericordia University,Dallas,PA,1997,Private,Mid East,0.8263,25,45405,16709,67329,0.651248844,0.938499985,0.031700001,0.023499999,0.0112,0.528089888,0.710344828,23250,50400
Mississippi College,Clinton,MS,3036,Private,South East,0.384,25,32102,11096,68427,0.621725732,0.621199989,0.354500008,0.0165,0.0085,0.342019544,0.473684211,15000,38300
Mississippi State University,Mississippi State,MS,18010,Public,South East,0.5692,26,24275,8614,79101,0.539530843,0.643399963,0.328100014,0.0177,0.0087,0.434085511,0.470923603,15000,40200
Mississippi University for Women,Columbus,MS,2208,Public,South East,0.9778,21,18689,5433,55908,0.868131868,0.607099991,0.370999985,0.013,0.0065,0.466666667,0.497637795,12500,34100
Mississippi Valley State University,Itta Bena,MS,1659,Public,South East,0.863,17,20073,2230,52182,0.571797077,0.343800011,0.632200012,0.0225,0.0062,0.118705036,0.167088608,19000,23200
Missouri Baptist University,Saint Louis,MO,1818,Private,Plains,0.5229,21,38748,10292,53982,0.550401427,0.868600006,0.093599997,0.0273,0.0111,0.331967213,0.404558405,16375,35600
Missouri Southern State University,Joplin,MO,5122,Public,Plains,0.9562,21,15375,3046,52713,0.607025607,0.911800003,0.021800001,0.0323,0.0069,0.261695906,0.340025094,10100,33300
Missouri State University-Springfield,Springfield,MO,16948,Public,Plains,0.8497,24,21062,6950,66834,0.610305958,0.923099976,0.039100001,0.0197,0.0099,0.412656559,0.472972973,15000,39300
Missouri University of Science and Technology,Rolla,MO,6785,Public,Plains,0.8416,28,22012,12145,95652,0.241320189,0.897099991,0.061999998,0.021900001,0.0135,0.495838288,0.56223176,16750,71200
Missouri Valley College,Marshall,MO,1440,Private,Plains,0.5918,19,33697,6412,40158,0.36281407,0.82,0.098900003,0.059000001,0.024300001,0.104100946,0.209677419,9500,34000
Missouri Western State University,Saint Joseph,MO,4119,Public,Plains,NA,NA,17723,6194,61119,0.618903972,0.861600037,0.104899998,0.0247,0.0064,0.225473322,0.322195704,12250,34400
Mitchell College,New London,CT,588,Private,New England,0.8286,NA,47349,28741,62793,0.436241611,0.842600021,0.075700002,0.0698,0.024200001,0.4375,0.45631068,17750,32000
Molloy College,Rockville Centre,NY,3409,Private,Mid East,0.8103,24,44227,24144,99387,0.748256183,0.700100021,0.168600006,0.114700003,0.055799999,0.625641026,0.600713012,23844,60500
Monmouth College,Monmouth,IL,901,Private,Great Lakes,0.6937,24,47726,12151,61101,0.459882583,0.885400009,0.057600002,0.058099999,0.0173,0.537142857,0.548717949,22000,41500
Monmouth University,West Long Branch,NJ,4595,Private,Mid East,0.7701,22,52729,23004,81810,0.594744122,0.844599991,0.069499998,0.0679,0.045,0.672131148,0.731563422,21315,50500
Monroe College,Bronx,NY,5482,Private,Mid East,0.4387,NA,23430,11271,59760,0.613685474,0.295,0.379199982,0.435699997,0.0347,0.453906936,0.529262087,14166,30300
Montana State University,Bozeman,MT,14566,Public,Rocky Mountains,0.817,25,20464,10478,79875,0.492807234,0.912200012,0.0082,0.028699999,0.0111,0.372794118,0.441108545,13000,43200
Montana State University-Northern,Havre,MT,970,Public,Rocky Mountains,1,NA,15744,5468,48681,0.459084605,0.815899963,0.0108,0.021900001,0.0057,0.264550265,0.374301676,8250,37100
Montana State University Billings,Billings,MT,3331,Public,Rocky Mountains,NA,NA,16695,5699,58518,0.632599581,0.895500031,0.0061,0.033699999,0.006,0.15536105,0.193548387,9500,34600
Montana Technological University,Butte,MT,1585,Public,Rocky Mountains,0.9175,25,19400,7535,67806,0.394348894,0.936399994,0.0057,0.028800001,0.0057,0.300291545,0.273858921,11737,41700
Montclair State University,Montclair,NJ,16812,Public,Mid East,0.7091,NA,27606,9192,91593,0.626289341,0.717799988,0.128400002,0.150600004,0.062199998,0.593677718,0.690246046,18776,49600
Montreat College,Montreat,NC,714,Private,South East,0.5521,22,38034,11743,48195,0.494646681,0.765699997,0.154099998,0.048200002,0.019299999,0.37,0.432432432,14719,37000
Moody Bible Institute,Chicago,IL,2385,Private,Great Lakes,0.9507,NA,27798,7415,71964,0.450229709,NA,NA,NA,NA,0.4765625,0.47826087,5500,NA
Moravian College,Bethlehem,PA,2061,Private,Mid East,0.7282,23,55776,18729,72153,0.593632959,0.911200027,0.033099999,0.046900001,0.023,0.612021858,0.675675676,21500,51100
Morehead State University,Morehead,KY,6253,Public,South East,0.7926,23,21512,4985,58986,0.617559524,0.951100006,0.030599999,0.0111,0.0047,0.363941769,0.429429429,16948,33100
Morehouse College,Atlanta,GA,2205,Private,South East,0.5788,23,48350,14044,54333,NA,0.434900017,0.452400017,0.097799997,0.0377,NA,NA,16000,41800
Morgan State University,Baltimore,MD,6404,Public,Mid East,0.6625,18,24084,6881,78678,0.586463501,0.391800003,0.522599983,0.061500001,0.031400001,0.299435028,0.3304253,21500,40500
Morningside College,Sioux City,IA,1240,Private,Plains,0.5758,23,43814,10759,61065,0.577669903,0.921100006,0.0184,0.060500002,0.0127,0.471910112,0.607734807,17125,43700
Morris College,Sumter,SC,649,Private,South East,NA,NA,25140,12869,47484,0.548760331,0.486800003,0.475299988,0.0304,0.0095,0.193103448,0.315533981,12375,23600
Mount Aloysius College,Cresson,PA,1155,Private,Mid East,0.9163,20,35293,13948,61083,0.748743719,0.966100006,0.0189,0.0097,0.0041,0.476190476,0.496567506,18500,40800
Mount Carmel College of Nursing,Columbus,OH,873,Private,Great Lakes,0.7818,21,22014,16478,70857,0.893271462,0.854400024,0.098100004,0.0177,0.020799999,NA,NA,21500,57700
Mount Holyoke College,South Hadley,MA,2190,Private,New England,0.5091,31,63810,22126,96651,NA,0.811200027,0.069099998,0.079099998,0.052600002,NA,NA,18764,48600
Mount Marty College,Yankton,SD,584,Private,Plains,0.6922,21,38784,10438,60507,0.684039088,0.936999969,0.0079,0.020899999,0.006,0.41509434,0.511811024,17500,36600
Mount Mary University,Milwaukee,WI,681,Private,Great Lakes,0.6198,19,41499,14961,56529,NA,0.726600037,0.203999996,0.050500002,0.024400001,NA,NA,19750,40000
Mount Mercy University,Cedar Rapids,IA,1488,Private,Plains,0.6281,22,44311,13706,61074,0.717241379,0.948799973,0.0198,0.0186,0.011,0.519230769,0.713178295,16793,45300
Mount Saint Joseph University,Cincinnati,OH,1185,Private,Great Lakes,0.6032,23,37036,16239,59382,0.567081604,0.857300034,0.113500004,0.0108,0.011799999,0.248677249,0.539170507,19500,41400
Mount Saint Mary's University,Los Angeles,CA,2349,Private,Far West,0.8382,20,54912,24643,80982,0.931246163,0.479599991,0.1079,0.448699989,0.113400002,0.508196721,0.602721088,20417,53200
Mount Saint Mary College,Newburgh,NY,1996,Private,Mid East,0.9378,22,44066,18112,78768,0.726102941,0.802399979,0.096700001,0.111899996,0.0296,0.565656566,0.545012165,20500,51600
Mount St. Mary's University,Emmitsburg,MD,1822,Private,Mid East,0.6813,22,55420,17060,69894,0.548994975,0.817600021,0.115,0.0421,0.0323,0.628415301,0.639810427,19500,52600
Mount Vernon Nazarene University,Mount Vernon,OH,1671,Private,Great Lakes,0.7575,23,40379,11240,56178,0.64453524,0.922399979,0.048699999,0.0137,0.0095,0.39869281,0.389534884,18719,43600
Muhlenberg College,Allentown,PA,2285,Private,Mid East,0.6179,28,65122,24266,80955,0.581967213,0.869199982,0.0521,0.052600002,0.0429,0.679738562,0.79638009,23250,59400
Multnomah University,Portland,OR,403,Private,Far West,0.5352,NA,38201,10171,56421,0.519148936,0.843600006,0.023499999,0.076900001,0.046199999,0.376623377,0.581395349,14988,34100
Murray State University,Murray,KY,6830,Public,South East,0.8142,24,20984,8564,62613,0.626537217,0.892799988,0.0796,0.0173,0.0072,0.410062893,0.498742666,16238,37100
Muskingum University,New Concord,OH,1544,Private,Great Lakes,0.7218,22,40533,11316,92664,0.527810651,0.925199966,0.047800002,0.0126,0.0088,0.371541502,0.497757848,19288,39600
Naropa University,Boulder,CO,409,Private,Rocky Mountains,0.9845,NA,50081,21913,55962,0.66122449,0.824100037,0.059200001,0.103599997,0.0373,NA,NA,16125,20700
National American University-Rapid City,Rapid City,SD,1410,Private,Plains,NA,NA,22608,9197,54135,0.758220503,0.809400024,0.0796,0.092700005,0.024400001,0.058435438,0.095407144,12902,34500
National Louis University,Chicago,IL,2960,Private,Great Lakes,0.8583,NA,22927,12147,55863,0.751385042,0.549399986,0.309599991,0.155799999,0.040900002,0.343220339,0.369747899,14000,44600
National University,La Jolla,CA,7097,Private,Far West,NA,NA,NA,14090,92430,0.635379061,0.63,0.073499999,0.286800003,0.091199999,0.411023622,0.357589286,18750,59400
National University College,Bayamon,PR,10203,Private,Outlying Territories,0.5745,NA,12941,5403,27216,0.668460356,0.801399994,0.091999998,0.988300018,0.0022,0.186871674,0.247405424,8475,17400
Nazarene Bible College,Colorado Springs,CO,555,Private,Rocky Mountains,NA,NA,NA,10188,44361,0.45959596,0.828399963,0.072600002,0.089799995,0.021600001,NA,NA,19142,29700
Nazareth College,Rochester,NY,2252,Private,Mid East,0.6363,NA,48427,19863,74448,0.73559322,0.891100006,0.061100001,0.034100001,0.0165,0.521472393,0.653110048,21000,44300
Nebraska Methodist College of Nursing & Allied Health,Omaha,NE,775,Private,Plains,0.907,23,30388,14948,51804,0.899253731,0.907699966,0.041599998,0.0397,0.0146,0.65625,0.742738589,20000,48700
Nebraska Wesleyan University,Lincoln,NE,1839,Private,Plains,0.7208,25,45298,12123,61002,0.574115044,0.938300018,0.0136,0.037,0.013099999,0.49044586,0.52559727,18750,46000
Neumann University,Aston,PA,1907,Private,Mid East,0.6902,19,44057,19698,62739,0.663348416,0.769499969,0.169799995,0.035999999,0.028699999,0.439716312,0.48467433,24176,44300
Neumont College of Computer Science,Salt Lake City,UT,430,Private,Rocky Mountains,0.8408,NA,33452,18789,84042,0.137931035,0.814199982,0.038299999,0.141899996,0.0321,NA,NA,22645,69400
Nevada State College,Henderson,NV,3950,Public,Far West,0.8134,NA,19549,3599,69021,0.759973404,0.806600037,0.034000001,0.133500004,0.045900002,0.181395349,0.168209877,12574,NA
New College of Florida,Sarasota,FL,808,Public,South East,0.7679,29,20624,953,75933,0.674576271,0.825299988,0.108100004,0.104399996,0.0223,0.454545455,0.494117647,9150,NA
New England College,Henniker,NH,1684,Private,New England,0.9979,NA,52167,9855,59049,0.624742268,0.923600006,0.030899999,0.03,0.0166,0.236162362,0.2,11385,37900
New England College of Business and Finance,Boston,MA,1042,Private,New England,NA,NA,NA,10102,52920,0.708888889,NA,NA,NA,NA,0.5,0.397590361,8000,NA
New Jersey City University,Jersey City,NJ,6121,Public,Mid East,0.9585,NA,23201,7553,94896,0.614872068,0.526399994,0.214400005,0.2925,0.085600004,0.375886525,0.435634328,12750,42700
New Jersey Institute of Technology,Newark,NJ,7820,Public,Mid East,0.6366,28,30562,14578,112896,0.209484818,0.658000031,0.155600004,0.172199993,0.0798,0.45,0.467811159,18000,68500
New Mexico Highlands University,Las Vegas,NM,1778,Public,South West,NA,NA,17612,6872,58257,0.628500824,0.590400009,0.021900001,0.518300018,0.0141,0.252396166,0.37173913,10243,36300
New Mexico Institute of Mining and Technology,Socorro,NM,1333,Public,South West,0.2316,26,21244,6416,75915,0.254945055,0.707300034,0.023800001,0.363899994,0.0187,0.330275229,0.266666667,12325,50000
New Mexico State University-Main Campus,Las Cruces,NM,11139,Public,South West,0.6566,20,17885,4639,78363,0.576561404,0.693399963,0.0253,0.488800011,0.010599999,0.252852579,0.305090909,11000,34600
New York Institute of Technology,Old Westbury,NY,3592,Private,Mid East,0.7575,25,48237,35135,108855,0.374514877,0.680100021,0.162999992,0.144099998,0.058600001,0.315634218,0.382352941,15200,55100
New York University,New York,NY,26339,Private,Mid East,0.1999,32,69830,36731,126504,0.611389237,0.741500015,0.101099997,0.120799999,0.075100002,0.729180328,0.798564379,19500,61900
Newberry College,Newberry,SC,1205,Private,South East,0.6634,20,39552,10825,51642,0.448979592,0.701299973,0.257999992,0.039200001,0.0116,0.366459627,0.5703125,14000,36900
Newbury College,Brookline,MA,635,Private,New England,0.7676,NA,50096,14288,62973,0.575418994,0.753000031,0.125900002,0.076599998,0.0448,0.251968504,0.359116022,16750,39700
Newman University,Wichita,KS,1073,Private,Plains,0.6182,23,36979,8994,52245,0.726126126,0.828600006,0.063899999,0.099700003,0.023599999,0.473214286,0.56122449,15250,44000
Newschool of Architecture and Design,San Diego,CA,402,Private,Far West,1,NA,43082,15557,64737,0.350993378,0.680100021,0.0571,0.266499996,0.081199999,NA,NA,30750,49400
Niagara University,Niagara University,NY,2749,Private,Mid East,0.8663,24,44702,13058,78192,0.647191011,0.896100006,0.0625,0.0254,0.0135,0.585858586,0.654788419,21875,42800
Nicholls State University,Thibodaux,LA,5543,Public,South East,0.937,22,19041,6515,55251,0.634654679,0.684499969,0.263700008,0.026099999,0.0124,0.294845361,0.378021978,11750,37500
Nichols College,Dudley,MA,1319,Private,New England,0.8226,NA,50385,15324,59004,0.377622378,0.896200027,0.038299999,0.051100001,0.023099999,0.536170213,0.583892617,19500,48300
Norfolk State University,Norfolk,VA,4636,Public,South East,0.8969,19,24948,5513,73647,0.671740828,0.500200005,0.420999985,0.0525,0.0278,0.268588771,0.339622642,20695,35800
North Carolina A & T State University,Greensboro,NC,10299,Public,South East,0.6143,20,17639,6512,78498,0.569954356,0.534199982,0.392999992,0.054699998,0.02,0.316337149,0.40922619,21002,34700
North Carolina Central University,Durham,NC,5913,Public,South East,0.4664,19,21885,6130,75663,0.672155249,0.535099983,0.387299995,0.0623,0.0223,0.36056338,0.448099415,24500,32900
North Carolina State University at Raleigh,Raleigh,NC,23708,Public,South East,0.4685,29,23600,10797,98676,0.499918287,0.749000015,0.187000008,0.045799999,0.0203,0.652109181,0.739966083,18438,52500
North Carolina Wesleyan College,Rocky Mount,NC,1999,Private,South East,0.6279,18,41924,10709,53334,0.605680317,0.619799995,0.316800003,0.047600002,0.0164,0.352941176,0.479166667,14750,38600
North Central College,Naperville,IL,2641,Private,Great Lakes,0.5568,24,49461,16867,74682,0.538636364,0.853499985,0.055300002,0.078400002,0.043299999,0.584158416,0.715294118,19500,47800
North Central University,Minneapolis,MN,921,Private,Plains,0.9004,22,34813,12198,60111,0.568228106,0.895899963,0.041799998,0.0373,0.0198,0.394117647,0.488151659,18904,34600
North Dakota State University-Main Campus,Fargo,ND,11182,Public,Plains,0.9253,24,20733,10016,81963,0.478885316,0.945,0.0077,0.016900001,0.009,0.453937593,0.508515815,15000,48200
North Greenville University,Tigerville,SC,2025,Private,South East,0.5962,26,35839,10052,56034,0.463671128,0.780699997,0.180799999,0.0326,0.010599999,0.467320261,0.498194946,13000,34400
North Park University,Chicago,IL,1967,Private,Great Lakes,0.4658,22,36759,17824,70092,0.612807882,0.726800003,0.115799999,0.144399996,0.058299999,0.514018692,0.52987013,19500,43700
Northeastern Illinois University,Chicago,IL,6306,Public,Great Lakes,0.5563,19,25281,8259,72495,0.605946792,0.589900017,0.171499996,0.252800007,0.074899998,0.315668203,0.338751069,10500,37900
Northeastern State University,Tahlequah,OK,6332,Public,South West,0.9754,21,16625,5699,59508,0.618385243,0.699100037,0.053000002,0.0375,0.0072,0.319121447,0.41507799,12212,35800
Northeastern University,Boston,MA,13760,Private,New England,0.1934,33,67894,37140,118422,0.541089566,0.843199997,0.0646,0.062199998,0.041199999,0.612605042,0.604781997,23989,67400
Northeastern University Lifelong Learning Network,Boston,MA,1984,Private,New England,NA,NA,NA,11993,70920,0.541089566,NA,NA,NA,NA,0.612605042,0.604781997,23989,67400
Northern Arizona University,Flagstaff,AZ,26647,Public,South West,0.8262,NA,26748,7767,73863,0.63858145,0.749000015,0.0247,0.1875,0.0222,0.441626585,0.524393807,12577,40100
Northern Illinois University,Dekalb,IL,12761,Public,Great Lakes,0.5438,22,32244,6727,74709,0.534562212,0.779000015,0.1229,0.100900002,0.0347,0.466449208,0.512574303,18250,45500
Northern Kentucky University,Highland Heights,KY,10201,Public,South East,0.8926,23,17711,8855,69084,0.585591133,0.918499985,0.055999999,0.013,0.0087,0.358258012,0.398284314,14000,37500
Northern Michigan University,Marquette,MI,6722,Public,Great Lakes,0.6574,23,22224,9166,75483,0.536784741,0.9125,0.0355,0.023800001,0.010700001,0.397344229,0.46493756,15000,35500
Northern State University,Aberdeen,SD,1451,Public,Plains,0.8811,22,20148,5465,65169,0.605333333,0.920599976,0.0114,0.0295,0.0075,0.309090909,0.384615385,16795,35300
Northern Vermont University,Johnson,VT,2099,Public,New England,0.8424,NA,23662,11984,60912,0.663659794,0.961200027,0.0081,0.0125,0.0097,0.273182957,0.369230769,13500,33200
Northland College,Ashland,WI,563,Private,Great Lakes,0.5096,NA,47075,10505,54729,0.528428094,0.892799988,0.035799999,0.0397,0.0136,0.472527473,0.513761468,17500,33700
Northwest Christian University,Eugene,OR,555,Private,Far West,0.6242,21,39545,10051,48861,0.63559322,0.893199997,0.0102,0.065700002,0.0188,0.485714286,0.554621849,15000,43100
Northwest Missouri State University,Maryville,MO,5193,Public,Plains,0.7915,22,19346,7405,64377,0.6122856,0.924700012,0.043899999,0.0222,0.0072,0.384485666,0.420707733,14000,40000
Northwest Nazarene University,Nampa,ID,1268,Private,Rocky Mountains,0.7094,24,38842,10007,56709,0.625577812,0.867200012,0.012,0.107799997,0.02,0.394160584,0.601769912,18500,39600
Northwest University,Kirkland,WA,922,Private,Far West,0.9521,24,41757,17644,60651,0.616525424,0.837600021,0.026500001,0.064200001,0.056700001,0.396341463,0.51984127,13000,41300
Northwest University-College of Adult and Professional Studies,Kirkland,WA,663,Private,Far West,NA,NA,24557,9615,55836,0.616525424,NA,NA,NA,NA,0.396341463,0.51984127,13000,NA
Northwestern College,Orange City,IA,1006,Private,Plains,0.7143,24,43520,11692,60606,0.549682875,0.944800034,0.0135,0.0345,0.0116,0.488888889,0.653179191,17375,38400
Northwestern Oklahoma State University,Alva,OK,1681,Public,South West,0.6239,20,15616,5130,57024,0.606324973,0.865199966,0.0446,0.060100002,0.0082,0.22147651,0.366153846,9258,36400
Northwestern State University of Louisiana,Natchitoches,LA,8265,Public,South East,0.8198,22,20612,6171,56799,0.734355366,0.650100021,0.304699993,0.0296,0.0094,0.35915493,0.410714286,13000,34300
Northwestern University,Evanston,IL,8451,Private,Great Lakes,0.0847,34,72960,30915,154701,0.524346793,0.780199966,0.091599998,0.098599997,0.060500002,0.846899225,0.845070423,14385,69000
Northwood University,Midland,MI,2744,Private,Great Lakes,0.6754,22,39922,15683,63909,0.4816609,0.766999969,0.150699997,0.095,0.0205,0.438240271,0.506048387,18500,48900
Norwich University,Northfield,VT,3120,Private,New England,0.6591,NA,56003,14778,68175,0.266242938,0.895400009,0.042199998,0.045599999,0.022,0.513513514,0.611111111,15150,53700
Notre Dame College,Cleveland,OH,1340,Private,Great Lakes,0.8965,19,42206,12656,47997,0.514736842,0.730999985,0.228600006,0.020699999,0.0154,0.170491803,0.363076923,16750,42600
Notre Dame de Namur University,Belmont,CA,871,Private,Far West,0.8152,19,52143,18765,82053,0.703213611,0.623899994,0.0397,0.203099995,0.172399998,0.307142857,0.399280576,18750,56400
Notre Dame of Maryland University,Baltimore,MD,835,Private,Mid East,0.8763,24,50492,17597,63207,0.938215103,0.692900009,0.245599995,0.0324,0.0298,NA,NA,19481,51800
Nova Southeastern University,Fort Lauderdale,FL,4856,Private,South East,0.7854,25,47432,29158,92070,0.745901639,0.719300003,0.184799995,0.241900005,0.025,0.405092593,0.495726496,18000,45300
Nyack College,New York,NY,1329,Private,Mid East,0.9825,20,39048,13019,60147,0.592677346,0.540299988,0.281700001,0.182900009,0.051599998,0.316602317,0.393139842,17897,41300
Oakland City University,Oakland City,IN,563,Private,Great Lakes,0.497,19,36016,23285,50427,0.569536424,0.945299988,0.0327,0.0147,0.0051,0.567010309,0.505747126,12500,33600
Oakland University,Rochester Hills,MI,15476,Public,Great Lakes,0.8391,25,21231,12024,85068,0.607804233,0.805100021,0.140500002,0.0224,0.025899999,0.424107143,0.462612613,18500,43100
Oakwood University,Huntsville,AL,1569,Private,South East,0.6589,19,36361,14766,44730,0.586080586,0.544000015,0.349099998,0.100100002,0.031700001,0.14354067,0.217391304,21500,29700
Oberlin College,Oberlin,OH,2785,Private,Great Lakes,0.3621,30,71330,30337,85194,0.5568,0.797600021,0.091700001,0.076900001,0.048400002,0.708860759,0.727777778,21215,40800
Occidental College,Los Angeles,CA,1910,Private,Far West,0.373,30,71756,29134,101637,0.584507042,0.684300003,0.064000001,0.197600002,0.1025,0.837209302,0.839506173,20500,50600
Oglala Lakota College,Kyle,SD,1189,Public,Plains,NA,NA,9284,2604,46548,0.565543071,0.369900017,0.0038,0.0192,0.0033,NA,NA,NA,17700
Oglethorpe University,Atlanta,GA,1241,Private,South East,0.6164,25,51507,12798,62415,0.601410935,0.658799973,0.253199997,0.066999998,0.0372,0.470588235,0.445859873,15035,42100
Ohio Christian University,Circleville,OH,2737,Private,Great Lakes,NA,NA,33780,9093,12789,0.638297872,0.874700012,0.091199999,0.015,0.0084,0.169520548,0.173480663,15502,31800
Ohio Dominican University,Columbus,OH,1080,Private,Great Lakes,0.7535,22,42156,12829,63315,0.538573508,0.806699982,0.143500004,0.020699999,0.02,0.456621005,0.444852941,17875,41000
Ohio Northern University,Ada,OH,2144,Private,Great Lakes,0.683,25,46118,16291,79101,0.415625,0.924000015,0.044400001,0.0183,0.011,0.536585366,0.631578947,21625,63500
Ohio State University-Lima Campus,Lima,OH,934,Public,Great Lakes,NA,NA,17058,6638,86238,0.520343909,0.876699982,0.080500002,0.021800001,0.0178,0.531949204,0.611524164,14750,46100
Ohio State University-Main Campus,Columbus,OH,45769,Public,Great Lakes,0.5197,30,26555,15164,111510,0.520343909,0.876699982,0.080500002,0.021800001,0.0178,0.531949204,0.611524164,14750,46100
Ohio University-Main Campus,Athens,OH,22072,Public,Great Lakes,0.783,24,27705,11399,81738,0.634900623,0.918700027,0.051300001,0.0121,0.0113,0.408959538,0.496054596,14000,40500
Ohio Wesleyan University,Delaware,OH,1554,Private,Great Lakes,0.6899,NA,59709,12634,78048,0.490674319,0.864800034,0.0798,0.033599999,0.024400001,0.5625,0.594871795,21000,45300
Oklahoma Baptist University,Shawnee,OK,1808,Private,South West,0.6431,23,39383,10873,62352,0.571428571,0.814100037,0.055599999,0.063499999,0.0188,0.31884058,0.438596491,13156,40500
Oklahoma Christian University,Edmond,OK,1813,Private,South West,0.6476,24,34418,10301,62109,0.522160665,0.818199997,0.0625,0.084700003,0.026600001,0.482758621,0.510752688,17397,38500
Oklahoma City University,Oklahoma City,OK,1691,Private,South West,0.7618,26,44858,17739,63972,0.693150685,0.767900009,0.105500002,0.076900001,0.0295,0.530769231,0.689243028,18367,42800
Oklahoma Panhandle State University,Goodwell,OK,1106,Public,South West,NA,NA,13744,5177,40932,0.473958333,0.800999985,0.043099999,0.187099991,0.0091,0.176744186,0.326732673,9500,36700
Oklahoma State University-Main Campus,Stillwater,OK,20323,Public,South West,0.7379,25,23446,10616,81540,0.525759954,0.805199966,0.0596,0.050599999,0.0184,0.471807229,0.536728697,15000,46500
Oklahoma Wesleyan University,Bartlesville,OK,905,Private,South West,0.6773,19,38892,12661,53118,0.573257468,0.809899979,0.045100002,0.043400002,0.011,0.372413793,0.549356223,13979,50900
Old Dominion University,Norfolk,VA,19194,Public,South East,0.8699,21,23993,7380,75852,0.60197664,0.675199966,0.255499992,0.036900001,0.029300001,0.367803838,0.417457999,17500,43700
Olivet College,Olivet,MI,986,Private,Great Lakes,0.7131,19,39971,12344,54576,0.390977444,0.835599976,0.116400003,0.035,0.0115,0.37804878,0.521126761,14000,38400
Olivet Nazarene University,Bourbonnais,IL,3209,Private,Great Lakes,0.6506,23,46147,13125,65664,0.625714286,0.821100006,0.116000004,0.061300001,0.0177,0.506369427,0.596187175,19000,40400
Oral Roberts University,Tulsa,OK,3159,Private,South West,0.805,22,40935,12476,67293,0.605820106,0.778799973,0.111999998,0.093299999,0.0255,0.422818792,0.476190476,18500,37600
Oregon Health & Science University,Portland,OR,782,Public,Far West,NA,NA,NA,27683,93303,0.766716196,0.865899963,0.0199,0.0673,0.0372,NA,NA,16625,89000
Oregon Institute of Technology,Klamath Falls,OR,3558,Public,Far West,0.9585,23,22493,7737,67365,0.494751575,0.873600006,0.0123,0.078400002,0.0222,0.397228637,0.470588235,15452,56600
Oregon State University,Corvallis,OR,24787,Public,Far West,0.8063,25,25843,12147,89190,0.508355732,0.860400009,0.0159,0.0796,0.036400001,0.465195246,0.538028169,17000,49600
Oregon State University-Cascades Campus,Bend,OR,946,Public,Far West,0.7799,24,23702,4290,96732,0.508355732,0.860400009,0.0159,0.0796,0.036400001,0.465195246,0.538028169,17000,49600
Otis College of Art and Design,Los Angeles,CA,1080,Private,Far West,0.9441,23,61776,33696,70839,0.616766467,0.622900009,0.073200002,0.259699993,0.126700001,0.735294118,0.666666667,26500,44900
Ottawa University-Ottawa,Ottawa,KS,706,Private,Plains,0.7815,19,42254,13778,54306,0.62745098,0.803199997,0.083599997,0.127399998,0.0188,0.25,0.340186916,12500,41500
Ottawa University-Surprise,Surprise,AZ,598,Private,South West,0.4663,18,41830,13803,49248,NA,NA,NA,NA,NA,NA,NA,NA,NA
Otterbein University,Westerville,OH,2361,Private,Great Lakes,0.8102,24,44497,14994,66771,0.59375,0.885699997,0.072800002,0.0196,0.016900001,0.429718876,0.527851459,20791,43100
Ouachita Baptist University,Arkadelphia,AR,1546,Private,South East,0.636,25,37349,10407,57762,0.494505495,0.789899979,0.127799997,0.076300001,0.023699999,0.532846715,0.570512821,14778,41200
Our Lady of the Lake University,San Antonio,TX,1383,Private,South West,0.9273,19,39203,19461,64836,0.692671395,0.676100006,0.0771,0.565400009,0.018099999,0.311594203,0.45320197,18808,39300
Ozark Christian College,Joplin,MO,600,Private,Plains,0.5755,24,22324,8922,45693,0.502040816,0.895800018,0.031800001,0.048699999,0.0115,0.454545455,0.445544554,14500,30500
Pace University,New York,NY,8439,Private,Mid East,0.7587,25,61607,21158,110403,0.653438434,0.692600021,0.138000002,0.155299997,0.065999999,0.445292621,0.539384846,18750,60300
Pacific Lutheran University,Tacoma,WA,2739,Private,Far West,0.7979,24,53352,18734,70677,0.646341463,0.816600037,0.040500002,0.0627,0.050900002,0.555555556,0.667431193,19542,49400
Pacific Northwest College of Art,Portland,OR,448,Private,Far West,0.9309,NA,51712,20652,52803,0.732620321,0.808600006,0.057199998,0.081700001,0.048499999,0.325,0.347826087,16517,27400
Pacific Oaks College,Pasadena,CA,476,Private,Far West,0.3095,NA,NA,23761,54342,0.934156379,0.562299995,0.086700001,0.382200012,0.090699997,NA,NA,21875,42800
Pacific Union College,Angwin,CA,1038,Private,Far West,0.4944,22,42620,16868,56565,0.61641541,0.702900009,0.045500002,0.198600006,0.090500002,0.454022989,0.453061224,21500,51700
Pacific University,Forest Grove,OR,1820,Private,Far West,0.8531,24,57488,24321,74376,0.605876393,0.751200027,0.0154,0.093199997,0.098699999,0.567307692,0.694444444,18907,46600
Paine College,Augusta,GA,453,Private,South East,0.3972,16,24745,10037,42642,0.55483871,0.452700005,0.493400002,0.0427,0.0162,0.135135135,0.25974026,18500,28200
Palm Beach Atlantic University,West Palm Beach,FL,2400,Private,South East,0.9529,23,45037,17279,68508,0.678321678,0.775500031,0.149899998,0.110699997,0.0187,0.41314554,0.468302658,15000,40600
Park University,Parkville,MO,9191,Private,Plains,NA,NA,21665,9571,60579,0.541274817,0.762099991,0.111899996,0.233999996,0.0179,0.288256228,0.372393961,12295,45900
Paul Quinn College,Dallas,TX,549,Private,South West,0.9009,15,18050,7602,41193,0.56448203,0.431399994,0.413499985,0.219899998,0.021400001,NA,NA,9500,27700
Paul Smiths College of Arts and Science,Paul Smiths,NY,740,Private,Mid East,0.8618,NA,44551,13372,49788,0.354661792,0.910999985,0.044200001,0.033800001,0.0125,0.330543933,0.379310345,15000,35300
Peirce College,Philadelphia,PA,1260,Private,Mid East,NA,NA,18260,15882,66924,0.710854947,0.484799995,0.410400009,0.070100002,0.0427,0.170212766,0.198675497,18475,46500
Pennsylvania State University-Main Campus,University Park,PA,40108,Public,Mid East,0.5649,28,36048,29309,100251,0.501226005,0.875999985,0.073400002,0.0347,0.0223,0.544184832,0.602534718,19500,50100
Pennsylvania State University-Penn State Abington,Abington,PA,3683,Public,Mid East,0.8475,24,27348,5114,73728,0.501226005,0.875999985,0.073400002,0.0347,0.0223,0.544184832,0.602534718,19500,50100
Pennsylvania State University-Penn State Altoona,Altoona,PA,3220,Public,Mid East,0.9088,23,30272,6005,72108,0.501226005,0.875999985,0.073400002,0.0347,0.0223,0.544184832,0.602534718,19500,50100
Pennsylvania State University-Penn State Beaver,Monaca,PA,576,Public,Mid East,0.6433,23,24125,8055,76743,0.501226005,0.875999985,0.073400002,0.0347,0.0223,0.544184832,0.602534718,19500,50100
Pennsylvania State University-Penn State Berks,Reading,PA,2509,Public,Mid East,0.8723,24,29402,5994,78282,0.501226005,0.875999985,0.073400002,0.0347,0.0223,0.544184832,0.602534718,19500,50100
Pennsylvania State University-Penn State Brandywine,Media,PA,1313,Public,Mid East,0.8685,25,28196,5863,77805,0.501226005,0.875999985,0.073400002,0.0347,0.0223,0.544184832,0.602534718,19500,50100
Pennsylvania State University-Penn State Erie-Behrend College,Erie,PA,4117,Public,Mid East,0.8912,25,30604,6895,81855,0.501226005,0.875999985,0.073400002,0.0347,0.0223,0.544184832,0.602534718,19500,50100
Pennsylvania State University-Penn State Fayette- Eberly,Lemont Furnace,PA,637,Public,Mid East,0.8045,19,22870,6850,69309,0.501226005,0.875999985,0.073400002,0.0347,0.0223,0.544184832,0.602534718,19500,50100
Pennsylvania State University-Penn State Greater Allegheny,McKeesport,PA,456,Public,Mid East,0.8728,25,25700,10673,74907,0.501226005,0.875999985,0.073400002,0.0347,0.0223,0.544184832,0.602534718,19500,50100
Pennsylvania State University-Penn State Harrisburg,Middletown,PA,4162,Public,Mid East,0.8775,25,29221,6235,87822,0.501226005,0.875999985,0.073400002,0.0347,0.0223,0.544184832,0.602534718,19500,50100
Pennsylvania State University-Penn State Hazleton,Hazleton,PA,634,Public,Mid East,0.8584,24,27582,8142,78003,0.501226005,0.875999985,0.073400002,0.0347,0.0223,0.544184832,0.602534718,19500,50100
Pennsylvania State University-Penn State Lehigh Valley,Center Valley,PA,841,Public,Mid East,0.8536,24,26729,6139,66528,0.501226005,0.875999985,0.073400002,0.0347,0.0223,0.544184832,0.602534718,19500,50100
Pennsylvania State University-Penn State Mont Alto,Mont Alto,PA,710,Public,Mid East,0.7617,25,27014,7576,73530,0.501226005,0.875999985,0.073400002,0.0347,0.0223,0.544184832,0.602534718,19500,50100
Pennsylvania State University-Penn State New Kensington,New Kensington,PA,567,Public,Mid East,0.8005,22,23955,7691,72090,0.501226005,0.875999985,0.073400002,0.0347,0.0223,0.544184832,0.602534718,19500,50100
Pennsylvania State University-Penn State Schuylkill,Schuylkill Haven,PA,564,Public,Mid East,0.7367,NA,25726,6746,74484,0.501226005,0.875999985,0.073400002,0.0347,0.0223,0.544184832,0.602534718,19500,50100
Pennsylvania State University-Penn State Scranton,Dunmore,PA,970,Public,Mid East,0.8228,19,24371,5497,73989,0.501226005,0.875999985,0.073400002,0.0347,0.0223,0.544184832,0.602534718,19500,50100
Pennsylvania State University-Penn State Wilkes-Barre,Lehman,PA,401,Public,Mid East,0.8601,26,24039,7950,75312,0.501226005,0.875999985,0.073400002,0.0347,0.0223,0.544184832,0.602534718,19500,50100
Pennsylvania State University-Penn State York,York,PA,888,Public,Mid East,0.8534,23,25651,6203,78588,0.501226005,0.875999985,0.073400002,0.0347,0.0223,0.544184832,0.602534718,19500,50100
Pennsylvania State University-World Campus,University Park,PA,8102,Public,Mid East,0.5426,24,27667,5311,108513,0.501226005,NA,NA,NA,NA,0.544184832,0.602534718,19500,50100
Pepperdine University,Malibu,CA,3619,Private,Far West,0.3565,29,70862,31625,111483,0.587537092,0.737399979,0.057399998,0.1725,0.078800001,0.720472441,0.836228288,21500,65500
Peru State College,Peru,NE,1324,Public,Plains,NA,NA,19904,4021,62388,0.540476191,0.910199966,0.040599999,0.035999999,0.0108,0.244897959,0.398268398,13460,37500
Pfeiffer University,Misenheimer,NC,900,Private,South East,0.6453,20,42382,12209,61272,0.537373737,0.761399994,0.177999992,0.051500001,0.0196,0.34,0.478672986,15280,39200
Philander Smith College,Little Rock,AR,1000,Private,South East,NA,NA,25290,7747,54405,0.623243934,0.480800018,0.461599998,0.049299998,0.0142,0.213333333,0.424,9500,24400
Piedmont College,Demorest,GA,1217,Private,South East,0.5961,22,37806,13170,62073,0.6679198,0.823899994,0.124200001,0.0479,0.017,0.539130435,0.573529412,16218,40600
Piedmont International University,Winston-Salem,NC,496,Private,South East,0.3448,18,21224,6974,28872,0.483870968,NA,NA,NA,NA,0.176056338,0.106557377,10500,NA
Pillar College,Newark,NJ,445,Private,Mid East,NA,NA,34532,18319,51957,0.675675676,0.705299988,0.1471,0.124300003,0.0752,0.19047619,0.401869159,15375,NA
Pittsburg State University,Pittsburg,KS,5067,Public,Plains,0.8958,23,18102,5364,66285,0.511989903,0.909199982,0.03,0.030999999,0.0089,0.434944238,0.49872449,14000,39400
Pitzer College,Claremont,CA,1072,Private,Far West,0.1333,NA,70500,50757,99936,0.583333333,0.628499985,0.086099997,0.278400002,0.096099997,NA,NA,12579,48700
Plymouth State University,Plymouth,NH,4135,Public,New England,0.824,NA,27109,9959,77409,0.535545024,0.951200027,0.0129,0.0192,0.0142,0.449304175,0.560798548,17158,41700
Point Loma Nazarene University,San Diego,CA,3130,Private,Far West,0.6893,27,49512,21015,91701,0.685501859,0.729100037,0.0395,0.219300003,0.070900002,0.689655172,0.741666667,19500,50900
Point Park University,Pittsburgh,PA,3170,Private,Mid East,0.6507,23,42216,15639,73323,0.630620985,0.843799973,0.121400003,0.018099999,0.014,0.483783784,0.529945554,21500,37100
Point University,West Point,GA,1029,Private,South East,0.5318,19,32000,9966,55746,0.432946146,0.699000015,0.250599995,0.044000001,0.017,0.272727273,0.494845361,9500,32500
Pomona College,Claremont,CA,1549,Private,Far West,0.0761,33,69725,22245,121059,0.501886793,0.687699966,0.090100002,0.185100002,0.086099997,NA,NA,9959,58100
Pontifical Catholic University of Puerto Rico-Arecibo,Arecibo,PR,510,Private,Outlying Territories,0.9924,NA,14025,13921,36081,0.584302326,0.838600006,0.052399998,0.989499969,0.0014,0.209659715,0.290679305,10092,18500
Pontifical Catholic University of Puerto Rico-Mayaguez,Mayaguez,PR,1155,Private,Outlying Territories,0.962,NA,13521,11829,33408,0.584302326,0.838600006,0.052399998,0.989499969,0.0014,0.209659715,0.290679305,10092,18500
Pontifical Catholic University of Puerto Rico-Ponce,Ponce,PR,5144,Private,Outlying Territories,0.9171,NA,15161,5748,37485,0.584302326,0.838600006,0.052399998,0.989499969,0.0014,0.209659715,0.290679305,10092,18500
Portland State University,Portland,OR,18541,Public,Far West,0.902,22,21159,9467,86850,0.582363316,0.830299988,0.034300001,0.077199998,0.049099998,0.41129744,0.428471738,16500,44700
Post University,Waterbury,CT,9017,Private,New England,0.5301,NA,28866,11267,55746,0.725528947,0.750500031,0.143400002,0.113900003,0.024200001,0.165799257,0.102080624,9500,40900
Prairie View A & M University,Prairie View,TX,8524,Public,South West,0.7434,19,23579,5412,73845,0.610039507,0.490800018,0.342400017,0.217199993,0.0372,0.267065868,0.343295638,17749,35700
Pratt Institute-Main,Brooklyn,NY,3591,Private,Mid East,0.507,28,65249,33625,96525,0.706603774,0.758199997,0.110500002,0.115100002,0.0579,0.68627451,0.636363636,20000,43400
Presbyterian College,Clinton,SC,973,Private,South East,0.6885,22,51693,17015,72162,0.489361702,0.748600006,0.211399994,0.0299,0.014400001,0.572916667,0.682926829,18600,44500
Presentation College,Aberdeen,SD,681,Private,Plains,0.9656,21,31998,15055,47142,0.671592775,0.885800018,0.0049,0.0201,0.0058,0.281553398,0.464864865,13905,34700
Princeton University,Princeton,NJ,5301,Private,Mid East,0.0548,34,66950,12995,181665,0.51364366,0.729499969,0.132799997,0.11,0.061199999,0.843575419,0.929936306,8500,74700
Principia College,Elsah,IL,441,Private,Great Lakes,0.9195,26,NA,6228,69174,NA,NA,NA,NA,NA,NA,NA,NA,NA
Providence College,Providence,RI,4079,Private,New England,0.4897,28,64808,26713,95724,0.577102804,0.888199997,0.0399,0.0527,0.028800001,0.810397554,0.813471503,27000,64100
Purdue University-Main Campus,West Lafayette,IN,33495,Public,Great Lakes,0.5798,29,22430,16369,111762,0.47320725,0.894800034,0.05,0.043200002,0.021500001,0.682308775,0.760939168,15750,55100
Purdue University Fort Wayne,Fort Wayne,IN,7270,Public,Great Lakes,0.9661,22,18073,6651,68787,0.587204451,0.893399963,0.061700001,0.036300001,0.0104,0.275754422,0.323954373,12019,36500
Purdue University Global,Indianapolis,IN,1255,Public,Great Lakes,NA,NA,NA,6583,41670,0.796749238,NA,NA,NA,NA,0.244149928,0.252434881,12500,NA
Purdue University Global-Augusta,Augusta,ME,413,Public,New England,NA,NA,20624,9138,54360,0.796749238,NA,NA,NA,NA,0.244149928,0.252434881,12500,33900
Purdue University Global-Davenport,Davenport,IA,23042,Public,Plains,NA,NA,21413,8871,NA,0.796749238,0.745699997,0.153100004,0.1021,0.025899999,0.244149928,0.252434881,12500,33900
Purdue University Global-Hagerstown,Hagerstown,MD,409,Public,Mid East,NA,NA,NA,10227,NA,0.796749238,0.898300018,0.067199998,0.019299999,0.0121,0.244149928,0.252434881,12500,33900
Purdue University Northwest,Hammond,IN,8244,Public,Great Lakes,0.3108,22,16949,7388,76689,NA,NA,NA,NA,NA,NA,NA,13250,NA
Queens University of Charlotte,Charlotte,NC,1695,Private,South East,0.7854,24,48369,12169,67761,0.733618234,0.747699966,0.188999996,0.050300002,0.023399999,0.419354839,0.491620112,20328,42200
Quincy University,Quincy,IL,916,Private,Great Lakes,0.6815,22,39884,8332,50166,0.53869969,0.84,0.105799999,0.048400002,0.0162,0.37398374,0.448888889,12000,39500
Quinnipiac University,Hamden,CT,7371,Private,New England,0.7247,26,63157,28477,99711,0.623208191,0.878000031,0.0475,0.057399998,0.0345,0.702247191,0.76744186,20875,63300
Radford University,Radford,VA,7880,Public,South East,0.7458,NA,23125,6826,74997,0.595013991,0.830199966,0.1154,0.0296,0.025,0.564755839,0.624420402,16000,43000
Radford University-Carilion,Roanoke,VA,774,Private,South East,0.2995,19,40764,19905,62145,0.830985916,0.841999969,0.126499996,0.016900001,0.0109,0.625,0.586956522,18250,54000
Ramapo College of New Jersey,Mahwah,NJ,5262,Public,Mid East,0.6289,24,27907,10021,94563,0.559659091,0.805800018,0.074899998,0.105100002,0.058000002,0.592668024,0.703030303,18750,53200
Randolph-Macon College,Ashland,VA,1478,Private,South East,0.6711,24,53515,17641,75078,0.546191248,0.783899994,0.158000002,0.031400001,0.0274,0.604790419,0.691891892,23250,49100
Randolph College,Lynchburg,VA,587,Private,South East,0.8668,22,54270,12963,75474,0.714689266,0.778300018,0.141099997,0.063299999,0.028,0.478873239,0.535353535,17500,39700
Rasmussen College-Florida,Ocala,FL,8740,Private,South East,NA,NA,23123,12148,56907,0.814446146,0.877900009,0.078400002,0.0596,0.009,0.259009009,0.373219373,10923,32600
Reed College,Portland,OR,1456,Private,Far West,0.3503,32,69734,33701,96408,0.576086957,0.800599976,0.060300002,0.090299997,0.058099999,0.766233766,0.752688172,11298,42200
Regent University,Virginia Beach,VA,4161,Private,South East,0.8167,22,29366,12605,73575,0.653869969,0.681600037,0.232900009,0.056500001,0.0328,0.429166667,0.411311054,9500,41600
Regis College,Weston,MA,1395,Private,New England,0.7753,NA,56683,18368,73269,0.789634146,0.728300018,0.145799999,0.085100002,0.045500002,0.492957746,0.575510204,24125,47500
Regis University,Denver,CO,3926,Private,Rocky Mountains,0.6029,24,48280,15755,65655,0.641229465,0.822399979,0.050799999,0.135200005,0.031900001,0.404661017,0.577514793,19241,56400
Reinhardt University,Waleska,GA,1425,Private,South East,0.898,21,36125,12417,55341,0.42791762,0.856900024,0.083699999,0.06,0.0162,0.182692308,0.204301075,11000,36600
Rensselaer Polytechnic Institute,Troy,NY,6590,Private,Mid East,0.4299,31,70132,27840,112986,0.344230769,0.858000031,0.0596,0.066999998,0.035899999,0.805359661,0.823529412,23250,82000
Resurrection University,Chicago,IL,734,Private,Great Lakes,NA,NA,NA,22437,69516,0.807909605,0.628800011,0.191100006,0.202700005,0.051599998,NA,NA,25000,71100
Rhode Island College,Providence,RI,6480,Public,New England,0.7346,18,16619,6657,73071,0.685519692,0.858199997,0.0446,0.079400001,0.021099999,0.428846154,0.441284404,14477,41400
Rhode Island School of Design,Providence,RI,1994,Private,New England,0.2387,29,67556,40914,95031,0.661214953,0.809000015,0.075900002,0.088800001,0.0573,0.838709677,0.820143885,25000,51100
Rhodes College,Memphis,TN,1985,Private,South East,0.4455,30,61236,18944,76419,0.542743539,0.785899963,0.153400002,0.053000002,0.024000001,0.75,0.833333333,19500,53600
Rice University,Houston,TX,3962,Private,South West,0.1113,34,63158,23358,143865,0.451816746,0.747600021,0.107200003,0.170699997,0.054200001,0.852040816,0.917525773,10250,65400
Rider University,Lawrenceville,NJ,3830,Private,Mid East,0.6967,23,57672,21510,99711,0.597790055,0.803000031,0.103199997,0.064699998,0.049200001,0.561611374,0.6608,20500,50600
Ringling College of Art and Design,Sarasota,FL,1559,Private,South East,0.6691,NA,64554,36642,77022,0.683712121,0.850199966,0.0829,0.093800001,0.0229,0.733333333,0.7,26000,33200
Ripon College,Ripon,WI,787,Private,Great Lakes,0.69,24,52216,15608,68049,0.496042216,0.914599991,0.030899999,0.043099999,0.0178,0.576470588,0.68627451,22812,45500
Rivier University,Nashua,NH,1376,Private,New England,0.7261,NA,44453,11779,66150,0.766149871,0.932300034,0.014,0.033499999,0.023299999,0.555555556,0.54248366,19299,45400
Roanoke College,Salem,VA,1981,Private,South East,0.7249,25,58293,15783,69480,0.5968523,0.8675,0.085299997,0.026700001,0.021600001,0.625,0.669781931,24250,44700
Robert Morris University,Moon Township,PA,3979,Private,Mid East,0.8413,25,44962,19074,106857,0.486778198,0.897900009,0.073499999,0.013,0.0126,0.576068376,0.59760274,22617,47700
Robert Morris University Illinois,Chicago,IL,1653,Private,Great Lakes,0.634,NA,37711,17368,66825,0.488625124,0.556699982,0.301200008,0.176900005,0.0279,0.341715976,0.338541667,15000,32300
Roberts Wesleyan College,Rochester,NY,1329,Private,Mid East,0.6461,24,43338,15707,58824,0.751764706,0.868700027,0.085299997,0.033599999,0.0134,0.47107438,0.648902821,19500,40900
Rochester Institute of Technology,Rochester,NY,12886,Private,Mid East,0.6602,30,54334,22053,94077,0.353158327,0.86,0.069899998,0.0529,0.028199999,0.521789657,0.659012629,23000,62400
Rochester University,Rochester Hills,MI,907,Private,Great Lakes,1,20,30039,12666,52749,0.662480377,0.779400024,0.169400005,0.023900001,0.021199999,0.347222222,0.438095238,15364,35300
Rockford University,Rockford,IL,972,Private,Great Lakes,0.4903,21,40569,15223,51561,0.56996587,0.813000031,0.102299995,0.092200003,0.0197,0.3875,0.611111111,18750,45200
Rockhurst University,Kansas City,MO,1579,Private,Plains,0.6612,25,50180,16256,65313,0.621004566,0.841100006,0.099099998,0.046100001,0.016799999,0.646706587,0.713793103,15734,50800
Rocky Mountain College,Billings,MT,879,Private,Rocky Mountains,0.5845,23,38639,14223,58500,0.517311609,0.853099976,0.0096,0.041999998,0.0089,0.363013699,0.427536232,15999,38800
Rocky Mountain College of Art and Design,Lakewood,CO,1051,Private,Rocky Mountains,NA,NA,25620,17968,36459,0.686588921,0.844700012,0.034100001,0.138999996,0.0278,0.255319149,0.265,16750,33000
Roger Williams University,Bristol,RI,4347,Private,New England,0.8609,NA,52139,19077,108315,0.586839267,0.915400009,0.0277,0.038299999,0.023599999,0.648325359,0.649411765,19500,50500
Rogers State University,Claremore,OK,3162,Public,South West,NA,NA,19320,5847,47439,0.627231005,0.756500015,0.0355,0.0303,0.0065,0.148063781,0.214105793,9500,34000
Rollins College,Winter Park,FL,2571,Private,South East,0.6664,NA,65487,19635,73134,0.6425,0.804199982,0.103999996,0.128400002,0.028,0.682539683,0.705501618,21643,45700
Roosevelt University,Chicago,IL,2377,Private,Great Lakes,0.6485,24,43501,19253,75951,0.66152768,0.627000008,0.234599991,0.140600004,0.048299999,0.403225806,0.469951923,18000,43600
Rose-Hulman Institute of Technology,Terre Haute,IN,2073,Private,Great Lakes,0.682,31,65031,26939,99243,0.285945073,0.898700027,0.048800001,0.0349,0.0204,NA,NA,24834,80900
Roseman University of Health Sciences,Henderson,NV,656,Private,Far West,NA,NA,NA,43171,90846,0.742937853,NA,NA,NA,NA,NA,NA,25000,NA
Rosemont College,Rosemont,PA,544,Private,Mid East,0.8866,20,33685,13160,50265,0.637681159,0.578800011,0.317700005,0.0775,0.0423,0.291666667,0.442857143,17750,44700
Rowan University,Glassboro,NJ,15755,Public,Mid East,0.7272,24,31180,12155,78237,0.487541138,0.795400009,0.116599998,0.0773,0.033699999,0.568519969,0.651952462,16750,50000
Rust College,Holly Springs,MS,846,Private,South East,0.5322,NA,16490,10534,41103,0.572661871,0.359500008,0.604300003,0.0321,0.0082,0.215909091,0.221698113,11717,24100
Rutgers University-Camden,Camden,NJ,5618,Public,Mid East,0.7138,20,26097,13810,102186,0.553944444,0.717900009,0.133299999,0.116199999,0.075100002,0.642521797,0.720873291,18750,57900
Rutgers University-New Brunswick,New Brunswick,NJ,35656,Public,Mid East,0.6011,28,29877,14088,106587,0.553944444,0.717900009,0.133299999,0.116199999,0.075100002,0.642521797,0.720873291,18750,57900
Rutgers University-Newark,Newark,NJ,8761,Public,Mid East,0.6274,22,25083,18723,122823,0.553944444,0.717900009,0.133299999,0.116199999,0.075100002,0.642521797,0.720873291,18750,57900
Sacred Heart University,Fairfield,CT,5907,Private,New England,0.6044,NA,57542,22999,82107,0.66259058,0.844899979,0.068699999,0.082700005,0.0329,0.604294479,0.603773585,20265,56000
SAE Expression College,Emeryville,CA,603,Private,Far West,NA,NA,32771,14361,38538,0.225316456,0.5875,0.130200005,0.165599995,0.144499998,0.516556291,0.548387097,18750,48400
Saginaw Valley State University,University Center,MI,7431,Public,Great Lakes,0.7739,23,20893,9238,74520,0.60056391,0.881999969,0.077399998,0.032,0.0084,0.285380117,0.3832,19500,39300
Saint Ambrose University,Davenport,IA,2289,Private,Plains,0.6269,23,44319,18419,66645,0.595194085,0.901200027,0.0473,0.048699999,0.0147,0.561688312,0.621621622,20500,47300
Saint Anselm College,Manchester,NH,2016,Private,New England,0.7664,27,56405,20942,80118,0.602853746,0.924599991,0.021300001,0.0321,0.023599999,0.737804878,0.802083333,26803,58300
Saint Augustine's University,Raleigh,NC,767,Private,South East,0.6341,15,32156,14048,53244,0.435483871,0.495600014,0.42,0.073000002,0.0249,0.244827586,0.330543933,11000,27300
Saint Cloud State University,Saint Cloud,MN,8983,Public,Plains,0.862,21,19401,5668,88218,0.549813201,0.935400009,0.0176,0.020799999,0.0179,0.347470238,0.417040359,14250,44200
Saint Edward's University,Austin,TX,3757,Private,South West,0.8639,25,57226,23419,78066,0.621621622,0.754899979,0.070599999,0.2925,0.033599999,0.501672241,0.573260073,19988,46500
Saint Francis University,Loretto,PA,1668,Private,Mid East,0.7538,23,49177,14425,64494,0.644993498,0.912600021,0.053899999,0.020599999,0.0136,0.47,0.650406504,27000,52200
Saint John Fisher College,Rochester,NY,2728,Private,Mid East,0.6445,24,46635,20828,84510,0.609722222,0.891100006,0.063499999,0.031300001,0.0152,0.646875,0.750972763,20000,47800
Saint Johns University,Collegeville,MN,1667,Private,Plains,0.797,25,56340,18304,76698,NA,0.927399979,0.0222,0.026300001,0.0205,NA,NA,23250,60600
Saint Joseph's College of Maine,Standish,ME,1412,Private,New England,0.8362,21,49818,12717,55764,0.639004149,0.941800003,0.0224,0.020699999,0.0114,0.446043165,0.483443709,16745,43400
Saint Joseph's University,Philadelphia,PA,4814,Private,Mid East,0.7632,26,60391,22994,94932,0.59298441,0.802200012,0.126800003,0.040799999,0.038399999,0.69751693,0.729090909,20250,59600
Saint Leo University,Saint Leo,FL,8484,Private,South East,0.6026,23,36961,11346,72630,0.672127016,0.724700012,0.196000004,0.081899996,0.023299999,0.375782881,0.395927602,15750,43800
Saint Louis University,Saint Louis,MO,6917,Private,Plains,0.5753,28,56344,21474,93465,0.624110672,0.825699997,0.119300003,0.0376,0.024000001,0.607142857,0.653038674,20500,56500
Saint Luke's College of Health Sciences,Kansas City,MO,513,Private,Plains,NA,NA,NA,12801,68895,0.914814815,0.883099976,0.062199998,0.035599999,0.0191,NA,NA,17342,62300
Saint Martin's University,Lacey,WA,1284,Private,Far West,0.9563,21,49064,18082,59940,0.587521664,0.808199997,0.041700001,0.060700002,0.052800002,0.598870056,0.580808081,17187,47800
Saint Mary's College,Notre Dame,IN,1439,Private,Great Lakes,0.819,25,54787,18549,66555,NA,0.876999969,0.056900001,0.0498,0.0252,NA,NA,25000,46200
Saint Mary's College of California,Moraga,CA,2781,Private,Far West,0.7719,25,65419,22631,97317,0.629740519,0.668700027,0.059200001,0.184699993,0.124399996,0.604895105,0.608374384,21500,56300
Saint Mary's University of Minnesota,Winona,MN,1409,Private,Plains,0.9147,23,45203,13209,62091,0.597074468,0.876800003,0.046100001,0.0479,0.0304,0.54954955,0.623076923,17776,47800
Saint Mary-of-the-Woods College,Saint Mary of the Woods,IN,707,Private,Great Lakes,0.721,20,42462,13270,47331,0.91314554,0.921100006,0.0452,0.0227,0.0108,NA,NA,12260,32300
Saint Michael's College,Colchester,VT,1655,Private,New England,0.8265,NA,57461,24234,77139,0.615151515,0.937099991,0.020999999,0.0227,0.0172,0.691891892,0.748091603,24213,50800
Saint Norbert College,De Pere,WI,2099,Private,Great Lakes,0.7768,25,47602,19773,67698,0.570498915,0.921500015,0.0229,0.030799999,0.0197,0.522321429,0.56462585,21500,46400
Saint Peter's University,Jersey City,NJ,2512,Private,Mid East,0.7424,20,46196,17359,78264,0.63898917,0.561399994,0.220300007,0.229799995,0.076500001,0.352697095,0.418461538,17621,45800
Saint Vincent College,Latrobe,PA,1607,Private,Mid East,0.6835,22,47807,13333,70137,0.448840382,0.934800034,0.043699999,0.0099,0.0089,NA,NA,24250,47600
Saint Xavier University,Chicago,IL,2943,Private,Great Lakes,0.7395,22,40553,17256,65619,0.664906103,0.691999969,0.208400002,0.120699997,0.020799999,0.471428571,0.581521739,18000,48200
Salem College,Winston-Salem,NC,674,Private,South East,0.3947,25,45077,9006,54558,NA,0.768300018,0.177800007,0.050900002,0.0135,NA,NA,19506,36300
Salem State University,Salem,MA,6369,Public,New England,0.847,23,24954,9151,80721,0.647092199,0.84,0.054899998,0.080600004,0.035799999,0.468242245,0.590402742,19197,43500
Salem University,Salem,WV,747,Private,South East,NA,NA,27128,11947,30339,0.548271752,0.802399979,0.142799997,0.043000002,0.019400001,0.201612903,0.262931034,9337,28900
Salisbury University,Salisbury,MD,7444,Public,Mid East,0.6217,NA,24288,7258,72135,0.59568299,0.776200027,0.165799999,0.0303,0.028199999,0.575675676,0.675222113,15900,50500
Salve Regina University,Newport,RI,1996,Private,New England,0.7617,NA,56361,18445,78444,0.714140387,0.902399979,0.0348,0.042800002,0.0246,0.551948052,0.717032967,26717,53500
Sam Houston State University,Huntsville,TX,18498,Public,South West,0.7854,21,21345,8590,69696,0.661414247,0.731600037,0.137299995,0.189799995,0.0279,0.451379763,0.537763104,16069,44600
Samford University,Birmingham,AL,3524,Private,South East,0.8208,26,46474,19266,79992,0.658878505,0.809100037,0.146999998,0.0325,0.016900001,0.609271523,0.671009772,15500,49900
Samuel Merritt University,Oakland,CA,762,Private,Far West,NA,NA,NA,28900,95814,0.806104129,0.642099991,0.073000002,0.159200001,0.153299999,NA,NA,18750,111100
San Diego Christian College,Santee,CA,448,Private,Far West,0.6013,20,45605,19997,60732,0.543123543,0.723300018,0.050599999,0.228999996,0.063499999,0.298780488,0.317535545,15250,36700
San Diego State University,San Diego,CA,30018,Public,Far West,0.3458,25,22990,6737,98127,0.584202042,0.648700027,0.057600002,0.285699997,0.097299995,0.656709559,0.702228224,13715,51000
San Francisco State University,San Francisco,CA,25799,Public,Far West,0.7176,20,24434,5482,96696,0.584023669,0.556100006,0.081800003,0.200400009,0.205699997,0.5,0.527612827,13000,49200
San Jose State University,San Jose,CA,27125,Public,Far West,0.5466,23,24514,6385,95634,0.521976626,0.524399986,0.051100001,0.269300003,0.222299995,0.514889944,0.602536998,12899,56100
Santa Clara University,Santa Clara,CA,5504,Private,Far West,0.4991,30,69155,32521,114300,0.54233871,0.652799988,0.0404,0.174300003,0.165300007,0.816216216,0.86416185,18248,72600
Sarah Lawrence College,Bronxville,NY,1369,Private,Mid East,0.5585,30,70266,27450,91638,0.727923628,0.753300018,0.101000004,0.118999996,0.061399999,0.655737705,0.647058824,13625,43000
Savannah College of Art and Design,Savannah,GA,11363,Private,South East,0.7027,24,55793,26656,82485,0.690795353,0.787699966,0.141899996,0.063800001,0.028099999,0.585483871,0.594642857,17166,36400
Savannah State University,Savannah,GA,3742,Public,South East,0.2918,24,16488,2843,53523,0.604786546,0.475299988,0.470900002,0.040999999,0.0178,0.164652568,0.278810409,15000,31300
School of the Art Institute of Chicago,Chicago,IL,2893,Private,Great Lakes,0.5855,25,63848,33923,95373,0.722158439,0.773700027,0.095799999,0.120699997,0.049499998,0.55033557,0.539473684,19500,33500
School of Visual Arts,New York,NY,3693,Private,Mid East,0.7,26,58397,36760,28476,0.663697105,0.751399994,0.097299995,0.126599998,0.071399999,0.687022901,0.681081081,22625,41800
Schreiner University,Kerrville,TX,1207,Private,South West,0.9122,21,37389,12622,56862,0.604135894,0.844700012,0.0354,0.242999992,0.0123,0.3375,0.545023697,14250,40200
Scripps College,Claremont,CA,1048,Private,Far West,0.2424,32,71060,36851,103302,0.945355191,0.733600006,0.047800002,0.164099998,0.092600002,NA,NA,12000,54100
Seattle Pacific University,Seattle,WA,2861,Private,Far West,0.9008,24,56185,21061,76824,0.695906433,0.824000015,0.028699999,0.071300001,0.060999999,0.511538462,0.58781362,19187,49100
Seattle University,Seattle,WA,4674,Private,Far West,0.7565,27,59495,26815,86274,0.650700935,0.754700012,0.049499998,0.070300002,0.098999996,0.70718232,0.74301676,18822,56500
Seton Hall University,South Orange,NJ,5919,Private,Mid East,0.7036,26,54967,23455,88263,0.541560645,0.725500031,0.139899998,0.120900002,0.058099999,0.61928934,0.67551963,19500,57200
Seton Hill University,Greensburg,PA,1671,Private,Mid East,0.7499,NA,47776,13807,67698,0.657324841,0.906100006,0.066500001,0.0176,0.0096,0.513333333,0.618374558,23250,40200
Shaw University,Raleigh,NC,1302,Private,South East,0.5236,NA,29395,14841,46098,0.564879565,0.484900017,0.4325,0.069299998,0.0195,0.12596401,0.212121212,12000,29200
Shawnee State University,Portsmouth,OH,2762,Public,Great Lakes,NA,NA,17331,6158,60948,0.530930346,0.944899979,0.031700001,0.008,0.0037,0.182776801,0.268015171,12250,34200
Shenandoah University,Winchester,VA,2022,Private,South East,0.7029,24,45577,18384,71199,0.608499096,0.803799973,0.1196,0.049299998,0.033299999,0.471264368,0.670807453,20500,45800
Shepherd University,Shepherdstown,WV,2817,Public,South East,0.8946,21,16744,5353,65205,0.600388601,0.901900024,0.060900002,0.021199999,0.0137,0.392523364,0.470054446,15000,39700
Shippensburg University of Pennsylvania,Shippensburg,PA,5343,Public,Mid East,0.8762,20,26706,8869,92025,0.527179157,0.905800018,0.057399998,0.0246,0.0142,0.45272525,0.542790152,18500,45000
Shorter University,Rome,GA,1211,Private,South East,0.5652,21,33682,10363,44946,0.546432063,0.669899979,0.269099998,0.050599999,0.0198,0.364444444,0.446153846,16168,43200
Siena College,Loudonville,NY,3135,Private,Mid East,0.8014,NA,53855,14670,77805,0.523941707,0.887099991,0.051999998,0.049000001,0.0252,0.653116531,0.717032967,23250,57100
Siena Heights University,Adrian,MI,2035,Private,Great Lakes,0.686,NA,37423,11079,55998,0.636706474,0.825500031,0.124899998,0.038499999,0.011799999,0.280653951,0.221789883,14344,42000
Simmons University,Boston,MA,1790,Private,New England,0.6972,27,57361,22807,73116,NA,0.849400024,0.059699998,0.053899999,0.041300001,NA,NA,22000,55800
Simpson College,Indianola,IA,1377,Private,Plains,0.8423,23,50095,14276,59562,0.552,0.949899979,0.014,0.026500001,0.0115,0.638095238,0.66122449,21500,47500
Simpson University,Redding,CA,667,Private,Far West,0.5,23,39946,15211,58167,0.70323741,0.822799988,0.024200001,0.121300001,0.037,0.582733813,0.661290323,16500,34500
Skidmore College,Saratoga Springs,NY,2598,Private,Mid East,0.2693,29,69450,34195,89082,0.630252101,0.820699997,0.074299998,0.084499998,0.042600002,0.886956522,0.837662338,19500,49700
Slippery Rock University of Pennsylvania,Slippery Rock,PA,7436,Public,Mid East,0.7317,22,23912,8186,86094,0.569721116,0.931500015,0.046900001,0.0109,0.0078,0.540851554,0.623306233,19500,41700
Smith College,Northampton,MA,2496,Private,New England,0.3095,NA,69563,24024,105048,NA,0.798000031,0.078200002,0.098900003,0.048299999,NA,NA,19000,46200
Soka University of America,Aliso Viejo,CA,428,Private,Far West,0.3896,28,47368,6047,106398,0.741935484,0.661500015,0.084899998,0.140600004,0.1375,NA,NA,17000,NA
Sonoma State University,Rohnert Park,CA,8642,Public,Far West,0.8965,21,24914,5615,91773,0.666872111,0.765100021,0.033800001,0.171200008,0.063600001,0.469820555,0.571976967,13750,49200
South Carolina State University,Orangeburg,SC,2415,Public,South East,0.5324,17,29695,9866,63459,0.490252708,0.495600014,0.467099991,0.029100001,0.0099,0.254285714,0.361930295,19874,29800
South Dakota School of Mines and Technology,Rapid City,SD,2177,Public,Plains,0.8332,27,23275,9975,83547,0.224619289,0.894199982,0.0103,0.0279,0.0081,0.375706215,0.375,18500,56500
South Dakota State University,Brookings,SD,9314,Public,Plains,0.9243,23,22609,8550,74295,0.555957495,0.935800018,0.0065,0.0183,0.0074,0.405201342,0.494751575,15000,44400
South University-Columbia,Columbia,SC,675,Private,South East,NA,NA,29119,13197,68346,0.762866865,0.652200012,0.285599995,0.066100001,0.0174,0.111770524,0.15137503,12667,33400
South University-Savannah Online,Savannah,GA,3555,Private,South East,NA,NA,28180,8361,NA,0.762866865,NA,NA,NA,NA,0.111770524,0.15137503,12667,33400
South University-Tampa,Tampa,FL,541,Private,South East,NA,NA,27020,11273,62577,0.762866865,NA,NA,NA,NA,0.111770524,0.15137503,12667,33400
South University-West Palm Beach,Royal Palm Beach,FL,554,Private,South East,NA,NA,27783,13137,57735,0.762866865,0.652200012,0.285599995,0.066100001,0.0174,0.111770524,0.15137503,12667,33400
Southeast Missouri State University,Cape Girardeau,MO,8379,Public,Plains,0.8293,23,19261,5876,63594,0.595410005,0.869499969,0.103400002,0.0145,0.0073,0.326867119,0.40250184,14000,37000
Southeastern Baptist Theological Seminary,Wake Forest,NC,520,Private,South East,0.9014,NA,NA,7398,55143,NA,NA,NA,NA,NA,NA,NA,NA,NA
Southeastern Louisiana University,Hammond,LA,10994,Public,South East,0.8963,22,19673,6384,61686,0.639431616,0.721900024,0.246399994,0.025999999,0.0102,0.295218295,0.348097318,11000,37200
Southeastern Oklahoma State University,Durant,OK,2960,Public,South West,0.7539,21,15839,7040,61335,0.57716263,0.788399963,0.047199998,0.044400001,0.0056,0.356164384,0.325,10250,35800
Southeastern University,Lakeland,FL,5570,Private,South East,0.4807,21,35800,10676,72945,0.558713538,0.819400024,0.111599998,0.087700005,0.018200001,0.268518519,0.335600907,11250,34800
Southern Adventist University,Collegedale,TN,2418,Private,South East,NA,NA,33683,14787,43038,0.592864638,0.797900009,0.123199997,0.088000002,0.0205,0.34351145,0.447058824,20000,38500
Southern Arkansas University Main Campus,Magnolia,AR,3203,Public,South East,0.6878,22,22116,4716,61749,0.561941964,0.674800034,0.2875,0.035599999,0.0062,0.313609467,0.443965517,11000,35700
Southern Connecticut State University,New Haven,CT,7890,Public,New England,0.6623,21,23211,9814,79632,0.630537975,0.801800003,0.111199999,0.089399996,0.0247,0.395701643,0.466070097,16000,45300
Southern Illinois University-Carbondale,Carbondale,IL,9447,Public,Great Lakes,0.7185,23,27945,9401,68868,0.489628925,0.785999985,0.149200001,0.060100002,0.0199,0.406599255,0.441769317,16000,42900
Southern Illinois University-Edwardsville,Edwardsville,IL,10786,Public,Great Lakes,0.8744,24,23065,8683,72207,0.579223929,0.863099976,0.103699999,0.023499999,0.0102,0.408179631,0.462339253,14286,43000
Southern Methodist University,Dallas,TX,6448,Private,South West,0.5123,31,71875,29065,115461,0.509536785,0.760800018,0.097299995,0.161700001,0.0479,0.647058824,0.754098361,17125,60700
Southern Nazarene University,Bethany,OK,1563,Private,South West,NA,NA,36888,12701,48861,0.549634274,0.792300034,0.082399998,0.080200005,0.0228,0.41509434,0.571428571,18750,47600
Southern New Hampshire University,Manchester,NH,80170,Private,New England,0.7282,NA,49092,10259,72522,0.67667104,0.924100037,0.026099999,0.033399999,0.0185,0.287430413,0.278988183,7916,45400
Southern Oregon University,Ashland,OR,4048,Public,Far West,0.7647,22,15810,6570,78012,0.619348055,0.879000015,0.0105,0.068699999,0.026900001,0.33125,0.319587629,14499,39000
Southern University and A & M College,Baton Rouge,LA,5612,Public,South East,0.3724,19,23377,6153,64341,0.636760125,0.456800003,0.490499992,0.044099998,0.0176,0.1875,0.276129032,18750,34700
Southern University at New Orleans,New Orleans,LA,1726,Public,South East,0.3009,17,12702,4813,53010,0.725471698,0.351100006,0.587400017,0.049000001,0.025699999,0.218390805,0.286956522,20210,28600
Southern Utah University,Cedar City,UT,7293,Public,Rocky Mountains,0.7918,24,19636,6714,61290,0.552471483,0.908099976,0.0082,0.0625,0.0114,0.353693182,0.387365912,7364,39800
Southern Virginia University,Buena Vista,VA,961,Private,South East,0.6925,23,26624,11839,60093,0.511627907,0.847399979,0.0673,0.0723,0.0248,0.2,0.269565217,9500,36000
Southern Wesleyan University,Central,SC,1179,Private,South East,0.5364,21,35493,12219,49140,0.631367292,0.739599991,0.224200001,0.0252,0.0111,0.379562044,0.324427481,17891,39200
Southwest Baptist University,Bolivar,MO,2126,Private,Plains,0.704,22,33935,10878,52209,0.652011923,0.925199966,0.0305,0.027,0.0091,0.353135314,0.470842333,14750,33700
Southwest Minnesota State University,Marshall,MN,2022,Public,Plains,0.6034,20,20269,3895,83781,0.597701149,0.930699997,0.019,0.033699999,0.0148,0.315018315,0.442477876,13775,37600
Southwestern Adventist University,Keene,TX,755,Private,South West,0.5533,20,31071,13900,45252,0.569651741,0.736100006,0.111599998,0.204899998,0.031600001,0.320987654,0.401408451,19500,41500
Southwestern Assemblies of God University,Waxahachie,TX,1651,Private,South West,0.9069,20,34240,12798,45171,0.497391304,0.766900024,0.105200005,0.172900009,0.019299999,0.28113879,0.310483871,15000,35700
Southwestern Christian University,Bethany,OK,556,Private,South West,0.8014,19,21623,10034,42309,0.504385965,0.748600006,0.106700001,0.073200002,0.0201,0.2,0.243243243,12000,29300
Southwestern College,Winfield,KS,1314,Private,Plains,0.5553,21,42702,12550,52713,0.462643678,0.834800034,0.068800001,0.0721,0.0224,0.45412844,0.457264957,12500,46400
Southwestern Oklahoma State University,Weatherford,OK,4242,Public,South West,0.9186,21,19322,5672,62748,0.601328904,0.827399979,0.045999999,0.070999999,0.0098,0.322869955,0.368501529,9692,39300
Southwestern University,Georgetown,TX,1430,Private,South West,0.4502,26,54285,16828,74466,0.573705179,0.796500015,0.069299998,0.206399994,0.033699999,0.688073394,0.718562874,21500,54000
Spalding University,Louisville,KY,955,Private,South East,0.9595,21,34596,17049,66537,0.740963855,0.784899979,0.180400009,0.0174,0.0117,0.4,0.467857143,17750,45100
Spelman College,Atlanta,GA,2166,Private,South East,0.3934,24,51537,17303,75411,NA,0.470200005,0.418400002,0.095299997,0.037,NA,NA,23250,47000
Spring Arbor University,Spring Arbor,MI,1671,Private,Great Lakes,0.7093,23,39277,11667,49914,0.671554252,0.879000015,0.0775,0.029300001,0.0099,0.392857143,0.32078853,23900,41000
Spring Hill College,Mobile,AL,1252,Private,South East,0.6577,23,51969,12357,60048,0.645259939,0.726600037,0.225400009,0.0475,0.0176,NA,NA,19500,45100
Springfield College,Springfield,MA,2103,Private,New England,0.6317,25,51604,17210,72117,0.598324022,0.730800018,0.156800003,0.1125,0.0275,0.549872123,0.620384047,22000,45100
Springfield College-Regional Online and Continuing Education,Springfield,MA,643,Private,New England,NA,NA,NA,10855,67770,0.598324022,NA,NA,NA,NA,0.549872123,0.620384047,22000,45100
St Bonaventure University,Saint Bonaventure,NY,1730,Private,Mid East,0.7284,25,47137,14076,57897,0.521865889,0.885999985,0.060999999,0.040700002,0.0172,0.545023697,0.689655172,23250,47700
St Catherine University,Saint Paul,MN,3238,Private,Plains,0.7325,22,48123,17987,65097,0.95110316,0.850299988,0.056999998,0.038699999,0.043499999,0.314285714,0.490566038,21000,49200
St Francis College,Brooklyn Heights,NY,2315,Private,Mid East,0.7664,NA,31950,15976,80685,0.64442326,0.476100006,0.296700001,0.195400009,0.083800001,0.40397351,0.504545455,17750,45700
St John's University-New York,Queens,NY,11907,Private,Mid East,0.7306,26,52721,20529,112905,0.590446785,0.603300018,0.184500008,0.172700005,0.0925,0.532123961,0.565306122,19000,55200
St Lawrence University,Canton,NY,2406,Private,Mid East,0.4607,29,68281,23712,85536,0.595854922,0.899000015,0.040599999,0.043600001,0.019299999,0.687150838,0.79638009,23250,50100
St Olaf College,Northfield,MN,3022,Private,Plains,0.4991,29,58330,20956,78534,0.542669584,0.896600037,0.0329,0.039100001,0.029400001,0.791855204,0.868327402,20000,50400
St. Andrews University,Laurinburg,NC,634,Private,South East,0.4068,20,43770,11124,48321,0.34619883,0.756999969,0.166299992,0.0546,0.0202,0.252631579,0.394444444,9500,37200
St. John's College,Annapolis,MD,474,Private,Mid East,0.5761,29,65163,14452,87291,0.409937888,0.813799973,0.088599997,0.076399999,0.0351,0.682926829,0.645833333,22625,36900
St. Joseph's College-Long Island,Patchogue,NY,3120,Private,Mid East,0.7667,23,33084,18290,81621,NA,0.779700012,0.112299995,0.115900002,0.036400001,NA,NA,15000,NA
St. Joseph's College-New York,Brooklyn,NY,937,Private,Mid East,0.6977,23,33330,18186,80262,0.686489058,0.779700012,0.112299995,0.115900002,0.036400001,0.574534161,0.683168317,15000,50400
St. Mary's College of Maryland,St. Mary's City,MD,1538,Public,Mid East,0.8006,26,29220,10487,66618,0.597096189,0.756600037,0.164599991,0.044499998,0.038699999,0.75,0.765027322,17750,52200
St. Mary's University,San Antonio,TX,2356,Private,South West,0.7497,24,40192,16395,93870,0.569016882,0.726399994,0.056999998,0.544199982,0.0177,0.477911647,0.555858311,19500,46600
St. Thomas Aquinas College,Sparkill,NY,1180,Private,Mid East,0.76,22,44736,25852,81000,0.518726592,0.753700027,0.099300003,0.142299995,0.058699999,0.510344828,0.5875,18741,46900
St. Thomas University,Miami Gardens,FL,986,Private,South East,0.515,19,41512,14647,91431,0.542574257,0.640699997,0.252800007,0.396100006,0.0195,0.417808219,0.481481481,13005,49400
Stanford University,Stanford,CA,7083,Private,Far West,0.0436,34,69109,24872,182511,0.494019139,0.696900024,0.080799999,0.161299992,0.099300003,0.846938776,0.872427984,10000,94000
State University of New York at New Paltz,New Paltz,NY,6586,Public,Mid East,0.4135,27,24842,5898,65538,0.635443987,0.800100021,0.094899998,0.109099998,0.0327,0.600767754,0.693028096,15508,45000
Stephen F Austin State University,Nacogdoches,TX,10474,Public,South West,0.6765,21,20823,7420,69444,0.656447785,0.734199982,0.150200005,0.150500002,0.024400001,0.376784015,0.480107527,17000,41900
Stephens College,Columbia,MO,548,Private,Plains,0.5886,23,44995,13930,61173,NA,0.842900009,0.093800001,0.0479,0.020799999,NA,NA,18500,33900
Sterling College,Sterling,KS,568,Private,Plains,0.4052,20,36070,10939,39447,0.373333333,0.836800003,0.072399998,0.095799999,0.016,0.376068376,0.5,12450,35700
Stetson University,DeLand,FL,3124,Private,South East,0.6842,NA,59208,19036,90477,0.615781711,0.840899963,0.093500004,0.093199997,0.0187,0.561728395,0.59697733,19000,43200
Stevens Institute of Technology,Hoboken,NJ,3420,Private,Mid East,0.4142,32,66642,25617,119322,0.284735812,0.780699997,0.084899998,0.111999998,0.065599999,0.789634146,0.801324503,24000,89200
Stevenson University,Stevenson,MD,3087,Private,Mid East,0.7316,22,50032,16453,74250,0.66090584,0.747300034,0.200200005,0.0221,0.026700001,0.460227273,0.589895988,22000,49600
Stillman College,Tuscaloosa,AL,689,Private,South East,0.3859,NA,21314,7563,45846,0.461005199,0.4575,0.490499992,0.044400001,0.014400001,0.161290323,0.377622378,12250,28200
Stockton University,Galloway,NJ,8569,Public,Mid East,0.8437,22,28331,8880,85302,0.613031915,0.8225,0.096899996,0.073000002,0.030699999,0.664169788,0.74643157,18500,47500
Stonehill College,Easton,MA,2527,Private,New England,0.6957,NA,58424,19674,85797,0.608608609,0.893700027,0.038299999,0.048400002,0.023599999,0.734693878,0.794344473,24000,60800
Stony Brook University,Stony Brook,NY,17407,Public,Mid East,0.4198,29,24718,10509,108522,0.510155721,0.686900024,0.130299997,0.151199999,0.082700005,0.601330913,0.700838169,15938,57600
Strayer University-Alabama,Birmingham,AL,957,Private,South East,NA,NA,27879,12912,66321,0.750834485,NA,NA,NA,NA,0.104018913,0.085861713,12667,45900
Strayer University-District of Columbia,Washington,DC,718,Private,Mid East,NA,NA,NA,12774,73620,0.750834485,0.596699982,0.321500015,0.058800001,0.030799999,0.104018913,0.085861713,12667,45900
Strayer University-Florida,Tampa,FL,1699,Private,South East,NA,NA,NA,13580,61965,0.750834485,NA,NA,NA,NA,0.104018913,0.085861713,12667,45900
Strayer University-Georgia,Atlanta,GA,6428,Private,South East,NA,NA,27879,12298,59148,0.750834485,NA,NA,NA,NA,0.104018913,0.085861713,12667,45900
Strayer University-Global Region,Washington,DC,6658,Private,Mid East,NA,NA,27879,12391,55728,0.750834485,NA,NA,NA,NA,0.104018913,0.085861713,12667,45900
Strayer University-Maryland,Suitland,MD,2557,Private,Mid East,NA,NA,27879,13711,63711,0.750834485,NA,NA,NA,NA,0.104018913,0.085861713,12667,45900
Strayer University-Mississippi,Jackson,MS,442,Private,South East,NA,NA,NA,11708,66402,0.750834485,NA,NA,NA,NA,0.104018913,0.085861713,12667,45900
Strayer University-New Jersey,Cherry Hill,NJ,849,Private,Mid East,NA,NA,27879,13080,70191,0.750834485,NA,NA,NA,NA,0.104018913,0.085861713,12667,45900
Strayer University-North Carolina,Morrisville,NC,4604,Private,South East,NA,NA,27879,12702,71811,0.750834485,NA,NA,NA,NA,0.104018913,0.085861713,12667,45900
Strayer University-Pennsylvania,Trevose,PA,1927,Private,Mid East,NA,NA,NA,12968,64656,0.750834485,NA,NA,NA,NA,0.104018913,0.085861713,12667,45900
Strayer University-South Carolina,Greenville,SC,2243,Private,South East,NA,NA,27879,12460,69057,0.750834485,NA,NA,NA,NA,0.104018913,0.085861713,12667,45900
Strayer University-Tennessee,Memphis,TN,2584,Private,South East,NA,NA,NA,11854,58536,0.750834485,NA,NA,NA,NA,0.104018913,0.085861713,12667,45900
Strayer University-Texas,Austin,TX,2084,Private,South West,NA,NA,27879,12385,67653,0.750834485,NA,NA,NA,NA,0.104018913,0.085861713,12667,45900
Strayer University-Virginia,Arlington,VA,4111,Private,South East,NA,NA,27879,14377,67653,0.750834485,NA,NA,NA,NA,0.104018913,0.085861713,12667,45900
Suffolk University,Boston,MA,5012,Private,New England,0.8533,24,52681,23975,108576,0.600838379,0.851600037,0.055799999,0.059299998,0.039400001,0.612903226,0.589711418,20500,53100
Sul Ross State University,Alpine,TX,2060,Public,South West,0.9911,NA,21859,4026,56052,0.545385779,0.758199997,0.034300001,0.617299995,0.0076,0.052083333,0.114197531,10196,37900
SUM Bible College and Theological Seminary,El Dorado Hills,CA,447,Private,Far West,0.6599,NA,27296,5656,26631,0.503856041,NA,NA,NA,NA,0.2875,0.5,12485,NA
SUNY at Albany,Albany,NY,13434,Public,Mid East,0.5208,25,25238,7146,87102,0.52879257,0.802300034,0.099200001,0.088400002,0.037,0.561585366,0.634275618,15250,51500
SUNY at Fredonia,Fredonia,NY,4402,Public,Mid East,0.7619,24,23138,4650,63504,0.608242539,0.913700027,0.041100001,0.035,0.0129,0.484797297,0.559840426,18500,41700
SUNY at Purchase College,Purchase,NY,4024,Public,Mid East,0.6505,25,26352,6824,67995,0.588863892,0.744199982,0.123800001,0.1271,0.045100002,0.5575,0.664728682,17829,35200
SUNY Buffalo State,Buffalo,NY,7944,Public,Mid East,0.6052,NA,21413,4221,71001,0.577183967,0.798899994,0.133999996,0.058499999,0.0173,0.428441203,0.51556157,13250,39800
SUNY College at Brockport,Brockport,NY,7015,Public,Mid East,0.5331,23,22901,5231,68175,0.581282198,0.885100021,0.067399998,0.036199999,0.0142,0.533105023,0.573203194,15415,42600
SUNY College at Geneseo,Geneseo,NY,5490,Public,Mid East,0.6481,26,25001,5821,68076,0.618975904,0.886999969,0.051399999,0.042399998,0.0278,0.576837416,0.643192488,16979,48800
SUNY College at Old Westbury,Old Westbury,NY,4645,Public,Mid East,0.7786,NA,20303,4664,78228,0.615720524,0.562200012,0.263799992,0.191700001,0.046399999,0.340050378,0.445987654,13000,44300
SUNY College at Oswego,Oswego,NY,7039,Public,Mid East,0.5362,24,23704,5339,63774,0.512926293,0.884800034,0.057800002,0.048400002,0.0172,0.530133929,0.613,16771,43900
SUNY College at Plattsburgh,Plattsburgh,NY,5229,Public,Mid East,0.5425,23,23938,5227,64323,0.588041237,0.872099991,0.0625,0.056199999,0.0197,0.552412646,0.654216867,15857,42400
SUNY College at Potsdam,Potsdam,NY,3287,Public,Mid East,0.643,NA,23443,3828,58347,0.5830721,0.895800018,0.047399998,0.038699999,0.0133,0.416149068,0.464939024,18050,39700
SUNY College of Agriculture and Technology at Cobleskill,Cobleskill,NY,2231,Public,Mid East,0.7709,NA,23507,3877,59184,0.537025113,0.868199997,0.066199999,0.063800001,0.018,0.320930233,0.419354839,10878,35000
SUNY College of Environmental Science and Forestry,Syracuse,NY,1819,Public,Mid East,0.614,26,26736,5007,78642,0.46978022,0.889800034,0.051999998,0.043400002,0.021400001,0.752252252,0.715116279,14000,45600
SUNY Cortland,Cortland,NY,6325,Public,Mid East,0.4425,24,24661,5740,61083,0.540355251,0.898199997,0.045100002,0.046799998,0.020699999,0.613333333,0.655319149,17500,47000
SUNY Empire State College,Saratoga Springs,NY,8398,Public,Mid East,NA,NA,20875,5521,65466,0.713655504,0.785100021,0.125799999,0.080600004,0.0273,0.279094828,0.323544052,14250,41400
SUNY Maritime College,Throggs Neck,NY,1581,Public,Mid East,0.7166,25,25308,7596,68508,0.126126126,0.786100006,0.095,0.112200003,0.048299999,0.557620818,0.565217391,20000,82800
SUNY Oneonta,Oneonta,NY,6021,Public,Mid East,0.5066,24,23891,5242,61911,0.608475894,0.881500015,0.056700001,0.056599998,0.0222,0.654576857,0.676540284,17330,43400
SUNY Polytechnic Institute,Utica,NY,2120,Public,Mid East,0.6484,24,21567,5991,85977,0.359121299,0.881500015,0.065500002,0.043800001,0.015,0.553571429,0.525345622,13000,51000
Susquehanna University,Selinsgrove,PA,2310,Private,Mid East,0.7241,NA,59477,17425,72936,0.56372093,0.918300018,0.038699999,0.029400001,0.0202,0.656108597,0.745644599,26244,54100
Swarthmore College,Swarthmore,PA,1544,Private,Mid East,0.0949,33,68846,28252,118908,0.54676259,0.784499969,0.089399996,0.112799997,0.053299999,0.76,0.703703704,15065,56700
Syracuse University,Syracuse,NY,14759,Private,Mid East,0.4986,28,65295,25789,106272,0.554777502,0.809899979,0.088199997,0.081400003,0.043200002,0.749094203,0.788656313,25000,62100
Tabor College,Hillsboro,KS,600,Private,Plains,0.5748,21,42451,9943,46539,0.451690821,0.853399963,0.046799998,0.100900002,0.0179,0.414285714,0.415254237,16462,40800
Talladega College,Talladega,AL,1208,Private,South East,NA,NA,22514,8315,52749,0.489754098,0.430900002,0.521399994,0.0471,0.010700001,0.168639053,0.25877193,27090,21900
Tarleton State University,Stephenville,TX,11312,Public,South West,0.5507,21,20387,6594,68616,0.646389125,0.804899979,0.084399996,0.151000004,0.014299999,0.386524823,0.45247725,13750,42500
Taylor University,Upland,IN,1888,Private,Great Lakes,0.7764,26,45229,17410,59427,0.601637108,0.895400009,0.050700002,0.041700001,0.018099999,0.713513514,0.773399015,15750,38000
Temple University,Philadelphia,PA,28965,Public,Mid East,0.5851,NA,31880,22861,99630,0.550251859,0.738099976,0.177600002,0.0546,0.039200001,0.618863049,0.676901004,20149,50500
Tennessee State University,Nashville,TN,6116,Public,South East,NA,NA,20148,6994,66276,0.661152468,0.547700005,0.394199982,0.041500001,0.0174,0.215561224,0.324447829,15000,35300
Tennessee Technological University,Cookeville,TN,8805,Public,South East,0.7576,24,24898,5699,73584,0.500758265,0.919499969,0.050300002,0.021400001,0.0073,0.466784765,0.555352242,12500,40500
Tennessee Wesleyan University,Athens,TN,943,Private,South East,0.5952,22,33481,9442,44721,0.620102215,0.926200027,0.0427,0.0275,0.0077,0.380597015,0.521929825,14704,38500
Texas A & M International University,Laredo,TX,6962,Public,South West,0.5208,19,13914,4187,76023,0.611485403,0.810999985,0.0087,0.907300034,0.0057,0.386554622,0.470521542,10500,45800
Texas A & M University-College Station,College Station,TX,53194,Public,South West,0.6762,28,28314,10997,106911,0.511677788,0.771900024,0.089099998,0.219400005,0.031400001,0.666008555,0.787120975,15000,58000
Texas A & M University-Commerce,Commerce,TX,8201,Public,South West,0.3437,20,21180,7044,74241,0.631394534,0.743000031,0.149499998,0.135299997,0.017,0.32369146,0.473135525,14683,39300
Texas A & M University-Corpus Christi,Corpus Christi,TX,9672,Public,South West,0.8699,21,20220,7698,74268,0.625494854,0.755599976,0.051399999,0.453499985,0.0164,0.292896175,0.394136808,12000,43400
Texas A & M University-Kingsville,Kingsville,TX,5811,Public,South West,0.8911,20,22165,6327,71226,0.556596794,0.731200027,0.041199999,0.638600006,0.0113,0.354864434,0.464240102,14250,42600
Texas A&M University-Central Texas,Killeen,TX,1904,Public,South West,NA,NA,NA,5882,68274,0.662995595,NA,NA,NA,NA,0.486486486,0.55,12842,NA
Texas A&M University-San Antonio,San Antonio,TX,5673,Public,South West,0.2977,18,20518,7151,69606,0.666757568,NA,NA,NA,NA,NA,NA,6700,NA
Texas A&M University-Texarkana,Texarkana,TX,1656,Public,South West,0.5109,21,18932,6225,74835,0.650512582,0.733399963,0.211200008,0.065599999,0.004,0.25443787,0.395104895,11005,35900
Texas Christian University,Fort Worth,TX,9407,Private,South West,0.4073,28,62669,27807,105894,0.602783726,0.792300034,0.083999996,0.151899996,0.033699999,0.71563981,0.783281734,17934,52800
Texas College,Tyler,TX,1042,Private,South West,NA,NA,25376,7746,39636,0.327796235,0.530400009,0.332900009,0.221399994,0.0174,0.12749004,0.221052632,9500,23400
Texas Lutheran University,Seguin,TX,1361,Private,South West,0.5428,22,42064,10942,65313,0.484463277,0.763199997,0.078800001,0.287800007,0.0227,0.372881356,0.586734694,13000,45600
Texas Southern University,Houston,TX,7604,Public,South West,0.5663,17,24004,8588,68382,0.591349258,0.422000008,0.388699989,0.243299999,0.048000002,0.197353914,0.240171551,14250,31300
Texas State University,San Marcos,TX,34187,Public,South West,0.4554,23,22322,8302,72000,0.600847929,0.760699997,0.071999998,0.286200008,0.026500001,0.458492532,0.559136921,14415,45700
Texas Tech University,Lubbock,TX,30795,Public,South West,0.7067,25,23157,9360,83052,0.496752243,0.797099991,0.060999999,0.214099998,0.0249,0.4622571,0.554247267,15154,51400
Texas Tech University Health Sciences Center,Lubbock,TX,1520,Public,South West,NA,NA,NA,8148,77463,0.87001287,0.775,0.074000001,0.228999996,0.0254,0.877358491,0.860655738,12498,80300
Texas Wesleyan University,Fort Worth,TX,1445,Private,South West,0.3586,22,40838,18751,68859,0.605876393,0.705899963,0.143500004,0.205,0.026700001,0.316176471,0.428057554,12500,42000
Texas Woman's University,Denton,TX,9336,Public,South West,0.868,20,18135,5965,76635,0.90287071,0.714599991,0.133100004,0.192000008,0.038599999,0.465517241,0.485363924,14842,44700
The Art Institute of Atlanta,Atlanta,GA,1246,Private,South East,NA,NA,28731,8457,46332,0.488700565,0.612900009,0.301200008,0.063899999,0.034300001,0.193661972,0.260034904,16000,30900
The Art Institute of Austin,Austin,TX,527,Private,South West,NA,NA,29767,7579,43173,0.463214286,NA,NA,NA,NA,0.183284457,0.273029046,14500,34100
The Art Institute of Houston,Houston,TX,924,Private,South West,NA,NA,28036,10020,43173,0.463214286,0.659300003,0.158900003,0.252099991,0.050100002,0.183284457,0.273029046,14500,34100
The Art Institute of Las Vegas,Henderson,NV,545,Private,Far West,NA,NA,26536,7864,46611,0.677497162,0.751299973,0.081800003,0.1571,0.0521,0.039530843,0.054171067,14076,29400
The Art Institute of San Antonio,San Antonio,TX,640,Private,South West,NA,NA,27541,7867,45675,0.463214286,NA,NA,NA,NA,0.183284457,0.273029046,14500,34100
The Catholic University of America,Washington,DC,3294,Private,Mid East,0.8368,NA,61627,23458,87732,0.579831933,0.758499985,0.144799995,0.0698,0.045900002,0.642201835,0.76,23750,56800
The Christ College of Nursing and Health Sciences,Cincinnati,OH,896,Private,Great Lakes,0.6364,21,25511,11539,62019,0.919463087,0.8875,0.0846,0.0125,0.0105,NA,NA,17668,56200
The College of Idaho,Caldwell,ID,939,Private,Rocky Mountains,0.492,NA,42730,11763,63261,0.48199446,0.878300018,0.0096,0.107299995,0.0163,0.527272727,0.626760563,19500,40000
The College of New Jersey,Ewing,NJ,6886,Public,Mid East,0.498,28,34074,13134,93726,0.57700943,0.804000015,0.091499996,0.089700003,0.048800001,0.714,0.801980198,20500,58500
The College of New Rochelle,New Rochelle,NY,2305,Private,Mid East,0.8254,19,50971,17034,55404,0.827272727,0.260200005,0.486899986,0.333899994,0.029400001,0.165680473,0.302531646,18099,33900
The College of Saint Rose,Albany,NY,2469,Private,Mid East,0.8739,NA,46940,13911,71388,0.695772696,0.898499985,0.05,0.044299998,0.0176,0.520295203,0.567676768,19000,43800
The College of Saint Scholastica,Duluth,MN,2457,Private,Plains,0.6618,23,48464,13974,63450,0.755102041,0.930699997,0.0146,0.0174,0.0146,0.487068966,0.684300341,16608,51400
The College of Wooster,Wooster,OH,2001,Private,Great Lakes,0.5418,28,61900,18550,74313,0.506557377,0.874599991,0.070700002,0.033699999,0.023199999,0.676136364,0.804347826,21000,46300
The Evergreen State College,Olympia,WA,2962,Public,Far West,0.9523,NA,21033,7261,77364,0.60723933,0.817600021,0.0429,0.0602,0.053000002,0.535791757,0.620869565,12500,33200
The Juilliard School,New York,NY,487,Private,Mid East,0.0762,NA,64256,17027,97308,0.432989691,0.743899994,0.110100002,0.118500004,0.065100002,NA,NA,25356,32800
The King's College,New York,NY,529,Private,Mid East,0.5382,27,56349,13771,85293,0.65530303,NA,NA,NA,NA,0.464788732,0.465346535,12000,NA
The Master's University and Seminary,Santa Clarita,CA,1185,Private,Far West,0.7688,24,46764,13486,74322,0.459745763,0.745699997,0.044200001,0.203999996,0.061500001,0.549668874,0.537931034,17083,41700
The New England Conservatory of Music,Boston,MA,445,Private,New England,0.3647,NA,66030,36124,53775,0.423529412,0.795400009,0.079299998,0.091499996,0.060900002,NA,NA,24568,32100
The New School,New York,NY,7274,Private,Mid East,0.5673,27,67295,30944,104265,0.753630203,0.711800003,0.123500004,0.136000004,0.070700002,0.509677419,0.621983914,17125,44500
The Sage Colleges,Troy,NY,1438,Private,Mid East,0.933,NA,43963,15483,57060,0.782719187,0.883000031,0.068400002,0.0348,0.0167,0.517857143,0.618736383,19625,44800
The Southern Baptist Theological Seminary,Louisville,KY,874,Private,South East,0.673,22,NA,8798,61479,NA,NA,NA,NA,NA,NA,NA,NA,NA
The University of Alabama,Tuscaloosa,AL,32177,Public,South East,0.5906,27,29424,14198,92025,0.615252417,0.753499985,0.210599995,0.024100001,0.012,0.542667348,0.578584392,17500,44500
The University of Findlay,Findlay,OH,2533,Private,Great Lakes,0.7429,24,44544,15140,66933,0.680155642,0.923000031,0.040599999,0.0275,0.0105,0.559405941,0.558695652,19389,43200
The University of Montana,Missoula,MT,8173,Public,Rocky Mountains,0.882,23,19110,8774,70353,0.554015171,0.904599991,0.0086,0.025899999,0.012,0.294642857,0.358112938,14250,35500
The University of Montana-Western,Dillon,MT,1310,Public,Rocky Mountains,0.6025,20,17665,6517,58599,0.634300126,0.896399994,0.0074,0.0351,0.014400001,0.365168539,0.368421053,11700,30400
The University of Tampa,Tampa,FL,8422,Private,South East,0.4869,25,43178,18371,80802,0.635143571,0.844300003,0.084499998,0.087600002,0.0246,0.517948718,0.536585366,16696,48600
The University of Tennessee-Chattanooga,Chattanooga,TN,10152,Public,South East,0.7562,24,21639,6279,77022,0.580978127,0.775500031,0.187000008,0.024000001,0.0122,0.410159925,0.455418381,13000,38100
The University of Tennessee-Knoxville,Knoxville,TN,22653,Public,South East,0.7778,28,30930,11969,99684,0.530194339,0.846600037,0.113400002,0.023599999,0.0146,0.568037975,0.663971703,15000,45100
The University of Tennessee-Martin,Martin,TN,5354,Public,South East,0.689,24,19857,5158,65790,0.617586912,0.805999985,0.167199993,0.0185,0.0069,0.393258427,0.435515873,15644,36200
The University of Texas at Arlington,Arlington,TX,34024,Public,South West,0.7952,23,21633,7513,83187,0.664199279,0.7,0.145500002,0.192299995,0.0375,0.417938221,0.505652849,12500,48700
The University of Texas at Austin,Austin,TX,40329,Public,South West,0.3852,30,25228,10873,116460,0.560604513,0.738399963,0.090799999,0.270699997,0.043699999,0.691685063,0.761180124,18118,58200
The University of Texas at Dallas,Richardson,TX,19837,Public,South West,0.6922,29,24429,11581,113868,0.462079616,0.734199982,0.101999998,0.174500008,0.059000001,0.599242424,0.623140496,13250,53100
The University of Texas at El Paso,El Paso,TX,21291,Public,South West,0.9999,20,16927,6289,81495,0.551145361,0.733700027,0.0345,0.753000031,0.0113,0.286420863,0.370159453,11774,40000
The University of Texas at San Antonio,San Antonio,TX,27380,Public,South West,0.7903,23,20823,7826,81558,0.541674384,0.740699997,0.066799998,0.420800018,0.0249,0.376065462,0.448331714,14398,45300
The University of Texas at Tyler,Tyler,TX,6732,Public,South West,0.7829,24,19690,6170,75294,0.599025974,0.783199997,0.138800001,0.099399996,0.012,0.43705036,0.486842105,12500,44200
The University of Texas Health Science Center at Houston,Houston,TX,717,Public,South West,NA,NA,NA,11755,93870,0.846303502,0.679599991,0.136700001,0.220599995,0.066999998,0.772727273,0.838951311,15000,90300
The University of Texas Health Science Center at San Antonio,San Antonio,TX,774,Public,South West,NA,NA,NA,12318,87138,0.762081784,0.743600006,0.063099999,0.403400002,0.0275,0.807228916,0.760180995,15814,79000
The University of Texas Medical Branch at Galveston,Galveston,TX,753,Public,South West,NA,NA,NA,11594,81765,0.824110672,0.684100037,0.150200005,0.230900002,0.043200002,0.741935484,0.850806452,13000,77600
The University of Texas of the Permian Basin,Odessa,TX,3558,Public,South West,0.905,20,18125,6740,73476,0.607340372,0.760999985,0.053099999,0.372299995,0.0092,0.275316456,0.397849462,10000,46100
The University of Texas Rio Grande Valley,Edinburg,TX,24596,Public,South West,0.8104,20,13534,3765,55728,0.575874375,0.783399963,0.0091,0.86,0.0068,0.309881847,0.445196784,9125,41900
The University of the Arts,Philadelphia,PA,1717,Private,Mid East,0.7517,NA,63075,22027,63324,0.63647343,0.785500031,0.136199999,0.0529,0.0377,0.510416667,0.633333333,24390,32600
The University of the South,Sewanee,TN,1675,Private,South East,0.6517,NA,60950,25265,85797,0.575829384,0.816200027,0.1229,0.049000001,0.023699999,0.752293578,0.813559322,15000,45500
The University of Virginia's College at Wise,Wise,VA,1187,Public,South East,0.7742,22,21789,6228,70191,0.495716034,0.900800018,0.066399999,0.0222,0.0123,0.341013825,0.399176955,12766,38400
The University of West Florida,Pensacola,FL,9371,Public,South East,0.4242,25,16595,5850,76689,0.596978558,0.802300034,0.134700003,0.044699998,0.0198,0.373937677,0.430680359,13061,38900
Thiel College,Greenville,PA,704,Private,Mid East,0.761,18,45843,13078,58149,0.360557769,0.910800018,0.063600001,0.016900001,0.0086,0.355932203,0.5625,20000,37600
Thomas Aquinas College,Santa Paula,CA,407,Private,Far West,0.7773,28,35786,15108,80973,0.486842105,0.794599991,0.048200002,0.166100006,0.039300001,NA,NA,18000,42100
Thomas College,Waterville,ME,810,Private,New England,NA,NA,37754,10493,60057,0.501712329,0.955899963,0.0127,0.0154,0.0085,0.635036496,0.585185185,17275,38100
Thomas Edison State University,Trenton,NJ,9883,Public,Mid East,NA,NA,NA,11447,NA,0.502898057,0.708899994,0.177099991,0.104200001,0.039200001,0.296639629,0.318087318,8340,49600
Thomas Jefferson University,Philadelphia,PA,3495,Private,Mid East,0.5827,25,56855,27768,74187,0.774285714,0.785100021,0.139499998,0.0421,0.039000001,0.584269663,0.694980695,13000,80300
Thomas More University,Crestview Hills,KY,1579,Private,South East,0.9003,22,38535,12762,59490,0.479815456,0.905199966,0.066999998,0.0134,0.0099,0.32972973,0.509202454,13175,49400
Thomas University,Thomasville,GA,651,Private,South East,0.4783,NA,27324,17579,48123,0.572490706,0.608199997,0.360499992,0.0295,0.0064,0.33974359,0.382978723,14562,34300
Tiffin University,Tiffin,OH,1995,Private,Great Lakes,0.6922,NA,37030,11180,63495,0.510056315,0.867699966,0.094399996,0.029000001,0.0095,0.129107981,0.105820106,18549,42600
Toccoa Falls College,Toccoa Falls,GA,884,Private,South East,0.6028,22,35684,10216,50445,0.507070707,0.843399963,0.105799999,0.046500001,0.0161,0.448529412,0.489361702,11675,29500
Tougaloo College,Tougaloo,MS,719,Private,South East,0.9147,20,22391,6931,42795,0.636363636,0.403100014,0.561199989,0.033199999,0.0087,0.225,0.338308458,20000,27500
Touro College,New York,NY,5243,Private,Mid East,0.7054,NA,30356,21135,70497,0.742979848,0.452799988,0.305900002,0.222099991,0.084099998,0.48015873,0.474806202,12500,30400
Touro University Worldwide,Los Alamitos,CA,475,Private,Far West,NA,NA,28220,8805,52029,0.802197802,NA,NA,NA,NA,NA,NA,12500,NA
Towson University,Towson,MD,19623,Public,Mid East,0.79,23,24733,6931,66123,0.626969739,0.743099976,0.189699993,0.033499999,0.0354,0.632801161,0.687066503,15750,50800
Transylvania University,Lexington,KY,987,Private,South East,0.8881,27,50080,15271,68220,0.595959596,0.909499969,0.058299999,0.0189,0.011,0.666666667,0.75,19500,44100
Trevecca Nazarene University,Nashville,TN,2189,Private,South East,0.6403,22,36818,12903,61560,0.675904542,0.827399979,0.124399996,0.0379,0.0141,0.393442623,0.439655172,13000,40500
Trident University International,Cypress,CA,3971,Private,Far West,0.6853,NA,17912,7737,55008,0.540360502,NA,NA,NA,NA,0.406060606,0.255,4750,NA
Trine University,Angola,IN,2059,Private,Great Lakes,0.734,24,47620,13730,68130,0.391951006,0.901399994,0.057800002,0.038099999,0.0078,0.596685083,0.670833333,17750,43300
Trinity Christian College,Palos Heights,IL,974,Private,Great Lakes,0.6423,22,41697,14562,63306,0.688816856,0.815199966,0.112299995,0.073400002,0.023599999,0.504587156,0.463114754,21500,42200
Trinity College,Hartford,CT,2162,Private,New England,0.3355,31,71470,29483,95697,0.528340081,0.764300003,0.1154,0.104700003,0.043200002,0.846846847,0.914728682,19432,66100
Trinity International University-Illinois,Deerfield,IL,699,Private,Great Lakes,0.7303,23,44084,10936,69363,0.43083004,0.743700027,0.159499998,0.139300003,0.030899999,0.335260116,0.375838926,16556,41100
Trinity University,San Antonio,TX,2462,Private,South West,0.3416,30,56880,18143,96939,0.540540541,0.793399963,0.066199999,0.206800003,0.0375,0.632258065,0.716129032,19500,54900
Trinity Washington University,Washington,DC,1364,Private,Mid East,0.9512,NA,31628,15182,64404,0.978996499,0.262999992,0.634199982,0.086499996,0.0296,NA,NA,18709,38800
Troy University,Troy,AL,13147,Public,South East,0.8767,21,19180,9399,59751,0.651015435,0.620200005,0.34,0.028199999,0.010700001,0.258992806,0.278001612,15500,37000
Truett McConnell University,Cleveland,GA,830,Private,South East,0.9306,20,31175,9159,37080,0.561247216,0.809499969,0.138500004,0.049299998,0.0148,0.252336449,0.5,12000,32600
Truman State University,Kirksville,MO,4906,Public,Plains,0.653,27,20745,4764,65664,0.599009901,0.898099976,0.064000001,0.0225,0.0134,0.597333333,0.676136364,14000,44500
Tufts University,Medford,MA,5597,Private,New England,0.1462,33,70567,34092,111564,0.458241758,0.808000031,0.079499998,0.080500002,0.053499999,0.803858521,0.824207493,15500,75800
Tulane University of Louisiana,New Orleans,LA,7920,Private,South East,0.1733,32,69517,28290,106047,0.604547976,0.735299988,0.179799995,0.068499999,0.036800001,0.570815451,0.601226994,19000,61700
Tusculum University,Greeneville,TN,1358,Private,South East,0.6629,21,36830,8440,45315,0.502132196,0.899100037,0.067399998,0.0249,0.0089,0.336477987,0.478873239,16750,38300
Tuskegee University,Tuskegee,AL,2529,Private,South East,0.5182,22,39383,15883,43290,0.65095057,0.428499985,0.471599998,0.089899998,0.028499999,0.414634146,0.514138817,22053,35500
Union College,Barbourville,KY,1003,Private,South East,0.5634,21,37499,9585,43893,0.457912458,0.917399979,0.058000002,0.0175,0.0061,0.198863636,0.297297297,12383,32100
Union College,Lincoln,NE,696,Private,Plains,0.9606,21,34796,16040,50976,0.62962963,0.887600021,0.034300001,0.055100002,0.0185,0.367088608,0.41,19500,40800
Union College,Schenectady,NY,2180,Private,Mid East,0.3868,NA,68452,32664,105795,0.495682211,0.845400009,0.0623,0.073800001,0.039000001,0.864516129,0.910179641,24315,65400
Union Institute & University,Cincinnati,OH,657,Private,Great Lakes,NA,NA,26820,17216,48951,0.642857143,0.656399994,0.187199993,0.195,0.038399999,0.677419355,0.545180723,16125,42400
Union University,Jackson,TN,2061,Private,South East,0.5742,27,51298,14830,69435,0.712765957,0.791200027,0.171000004,0.0325,0.010700001,0.643564356,0.611627907,20750,43200
United States Air Force Academy,USAF Academy,CO,4336,Public,Service Academies,0.1139,31,NA,0,82323,NA,NA,NA,NA,NA,NA,NA,NA,NA
United States Coast Guard Academy,New London,CT,1071,Public,Service Academies,0.1907,29,NA,16969,94905,NA,NA,NA,NA,NA,NA,NA,NA,NA
United States Merchant Marine Academy,Kings Point,NY,996,Public,Service Academies,0.219,29,6646,0,93240,0.217821782,0.842099991,0.071599998,0.065100002,0.035899999,NA,NA,10983,88100
United States Military Academy,West  Point,NY,4589,Public,Service Academies,0.1146,30,NA,0,84555,NA,NA,NA,NA,NA,NA,NA,NA,NA
United States Naval Academy,Annapolis,MD,4512,Public,Service Academies,0.0854,29,NA,0,102393,NA,NA,NA,NA,NA,NA,NA,NA,NA
United Talmudical Seminary,Brooklyn,NY,1988,Private,Mid East,NA,NA,19009,10256,25416,NA,0.664800034,0.074299998,0.296700001,0.026600001,NA,NA,NA,15800
Unity College,Unity,ME,734,Private,New England,0.9426,NA,40199,17539,54414,0.50862069,0.930199966,0.023499999,0.031700001,0.0142,0.666666667,0.694117647,15500,34100
Universidad Adventista de las Antillas,Mayaguez,PR,1125,Private,Outlying Territories,0.9907,NA,13410,6715,24093,0.640122512,0.811500015,0.076700001,0.849700012,0.0081,0.308988764,0.465306122,10850,20300
Universidad Ana G. Mendez-Carolina Campus,Carolina,PR,8794,Private,Outlying Territories,NA,NA,13113,7334,36918,0.585652174,0.760400009,0.113199997,0.977399979,0.0028,0.24002187,0.303740424,6838,19600
Universidad Ana G. Mendez-Cupey Campus,San Juan,PR,9331,Private,Outlying Territories,NA,NA,13259,6991,36927,0.62137931,0.795699997,0.084200001,0.979899979,0.0027,0.260362694,0.3406639,8250,19400
Universidad Ana G. Mendez-Gurabo Campus,Gurabo,PR,12734,Private,Outlying Territories,NA,NA,13210,7764,41724,0.579454058,0.799100037,0.077199998,0.955400009,0.0031,0.246693795,0.300684192,7000,19700
Universidad Central de Bayamon,Bayamón,PR,1169,Private,Outlying Territories,0.71,NA,12275,7947,23859,0.618991794,0.825899963,0.072399998,0.989199982,0.0018,0.108974359,0.196911197,6750,19600
Universidad del Sagrado Corazon,Santurce,PR,4184,Private,Outlying Territories,0.3946,NA,18503,7497,40860,0.611288605,0.765800018,0.101700001,0.967799988,0.0044,0.337370242,0.405031447,11250,20200
Universidad Politecnica de Puerto Rico,Hato Rey,PR,3471,Private,Outlying Territories,NA,NA,20563,7635,35064,0.223521767,0.782300034,0.094099998,0.946900024,0.004,0.093846154,0.192307692,11000,29800
University at Buffalo,Buffalo,NY,21404,Public,Mid East,0.5585,27,24568,9830,95724,0.427613941,0.825500031,0.091499996,0.061500001,0.034300001,0.617620345,0.665968586,14851,52600
University of Advancing Technology,Tempe,AZ,730,Private,South West,0.8266,NA,31834,15504,49302,0.152263375,0.811800003,0.075300002,0.110100002,0.028,0.270758123,0.375,14250,46400
University of Akron Main Campus,Akron,OH,13676,Public,Great Lakes,0.6893,23,23417,9521,88533,0.501433056,0.836800003,0.131899996,0.013,0.0108,0.278798587,0.31202046,15402,36500
University of Alabama at Birmingham,Birmingham,AL,13186,Public,South East,0.9211,25,24347,13177,96453,0.63909074,0.690199966,0.277600002,0.0203,0.011,0.419668939,0.475379939,15000,41200
University of Alabama in Huntsville,Huntsville,AL,7458,Public,South East,0.8087,28,23441,8677,84978,0.476349937,0.763799973,0.189799995,0.0255,0.0142,0.396193772,0.505474453,14000,46700
University of Alaska Anchorage,Anchorage,AK,10482,Public,Far West,0.8115,NA,19942,7253,82152,0.598769988,0.736600037,0.041799998,0.050900002,0.042600002,0.174496644,0.195541401,11000,45400
University of Alaska Fairbanks,Fairbanks,AK,4657,Public,Far West,0.7611,22,18510,8210,86256,0.594048288,0.693499985,0.046799998,0.046799998,0.0249,0.219047619,0.230876217,11000,38700
University of Arizona,Tucson,AZ,33509,Public,South West,0.8442,25,26712,15599,100323,0.562853907,0.775100021,0.033499999,0.225200005,0.031500001,0.494278331,0.545923007,14000,47300
University of Arkansas,Fayetteville,AR,23121,Public,South East,0.7747,26,22750,9627,88794,0.558819396,0.849499969,0.078099999,0.052199998,0.0148,0.476982806,0.577128954,14596,44900
University of Arkansas-Fort Smith,Fort Smith,AR,5235,Public,South East,NA,NA,16434,3377,62289,0.563676633,0.859400024,0.0397,0.0477,0.0195,0.22745098,0.286673058,8306,31000
University of Arkansas at Little Rock,Little Rock,AR,6328,Public,South East,0.7933,22,21301,5354,68607,0.646490999,0.700500031,0.260699997,0.025699999,0.0102,0.228443449,0.270986745,13700,34900
University of Arkansas at Pine Bluff,Pine Bluff,AR,2467,Public,South East,0.4435,18,17689,4113,53046,0.596085409,0.429199982,0.527000008,0.039400001,0.0096,0.192073171,0.307304786,12624,27200
University of Arkansas for Medical Sciences,Little Rock,AR,601,Public,South East,NA,NA,NA,18147,84564,0.8375,0.793399963,0.164500008,0.0297,0.0086,0.82278481,0.841201717,14000,61000
University of Baltimore,Baltimore,MD,2486,Public,Mid East,0.784,22,25674,12035,92574,0.610481586,0.599099998,0.341399994,0.026600001,0.029100001,0.391304348,0.411552347,16948,58000
University of Bridgeport,Bridgeport,CT,3415,Private,New England,0.5724,20,49222,16748,77373,0.709115282,0.602999992,0.236700001,0.194300003,0.033299999,0.383064516,0.438095238,20500,43100
University of California-Berkeley,Berkeley,CA,30845,Public,Far West,0.1484,33,36739,22027,154125,0.546496254,0.592599983,0.068099999,0.235699997,0.166900005,0.607044579,0.644361254,12612,64700
University of California-Davis,Davis,CA,30698,Public,Far West,0.4107,28,35252,18270,131427,0.626724138,0.591300011,0.0652,0.223199997,0.169599991,0.770833333,0.7958845,11468,58200
University of California-Irvine,Irvine,CA,29722,Public,Far West,0.2876,29,32985,15954,139023,0.566089737,0.584000015,0.043699999,0.287099991,0.177399998,0.706766917,0.763217523,14500,58400
University of California-Los Angeles,Los Angeles,CA,31568,Public,Far West,0.1404,32,33654,18278,165528,0.603156959,0.580400009,0.058000002,0.297700005,0.155799999,0.761458847,0.827805222,14385,60700
University of California-Merced,Merced,CA,7881,Public,Far West,0.6617,23,34517,9399,101025,0.536360938,0.591300011,0.0652,0.223199997,0.169599991,0.535294118,0.644204852,12750,NA
University of California-Riverside,Riverside,CA,20574,Public,Far West,0.5057,26,32843,12688,120672,0.576886903,0.539000015,0.0704,0.365499992,0.144099998,0.585239085,0.687583445,15659,49700
University of California-San Diego,La Jolla,CA,30279,Public,Far West,0.3006,30,31891,17532,147357,0.519856077,0.601500015,0.046399999,0.262900009,0.168700008,0.734927753,0.779038358,15000,59900
University of California-Santa Barbara,Santa Barbara,CA,23063,Public,Far West,0.322,30,35987,15451,143946,0.577854131,0.638199997,0.049400001,0.301700001,0.103800001,0.584065934,0.650742115,13010,55300
University of California-Santa Cruz,Santa Cruz,CA,17792,Public,Far West,0.4737,29,35982,14448,129834,0.543057997,0.648199997,0.050799999,0.228700008,0.130299997,0.651288197,0.690173954,16200,46900
University of Central Arkansas,Conway,AR,8906,Public,South East,0.911,24,21350,5495,63360,0.616556129,0.798000031,0.165699997,0.0251,0.0072,0.313313313,0.339398181,13000,38300
University of Central Florida,Orlando,FL,58392,Public,South East,0.4253,27,21034,5494,94554,0.589144516,0.800100021,0.113299999,0.136700001,0.023900001,0.546463816,0.632357247,14875,45400
University of Central Missouri,Warrensburg,MO,8113,Public,Plains,0.8597,22,18854,6708,65871,0.588794154,0.890100021,0.069699998,0.0252,0.0096,0.423728814,0.496635262,15250,38000
University of Central Oklahoma,Edmond,OK,13118,Public,South West,0.7822,22,23009,7624,61029,0.614212298,0.779400024,0.094799995,0.048899999,0.021199999,0.295021962,0.396930946,12500,38800
University of Charleston,Charleston,WV,1910,Private,South East,0.5042,21,41701,11754,58779,0.587006961,0.891699982,0.070500002,0.0325,0.0117,0.427860697,0.420903955,12000,40800
University of Chicago,Chicago,IL,6600,Private,Great Lakes,0.0726,34,75735,28828,166221,0.519061584,0.760999985,0.112299995,0.108100004,0.052600002,0.887195122,0.900355872,16000,68100
University of Cincinnati-Main Campus,Cincinnati,OH,25973,Public,Great Lakes,0.7312,27,27097,12985,89424,0.559846792,0.833499985,0.128199997,0.018200001,0.0155,0.404815409,0.457251908,13000,42300
University of Colorado Boulder,Boulder,CO,29753,Public,Rocky Mountains,0.8154,28,30178,20468,105156,0.481516291,0.861600037,0.0298,0.106400003,0.033800001,0.556886228,0.591943958,13889,50800
University of Colorado Colorado Springs,Colorado Springs,CO,10475,Public,Rocky Mountains,0.9118,23,21737,10806,74898,0.55888651,0.841800003,0.045100002,0.113800001,0.024300001,0.395325203,0.423019432,12500,43900
University of Colorado Denver/Anschutz Medical Campus,Denver,CO,11892,Public,Rocky Mountains,0.6363,24,22243,14528,95760,0.579268293,0.816200027,0.049400001,0.152799997,0.030799999,0.424501425,0.512941176,14091,56400
University of Connecticut,Storrs,CT,18830,Public,New England,0.4877,29,30687,14857,106866,0.530965508,0.848600006,0.071700001,0.070999999,0.026099999,0.681066667,0.770920991,19000,58400
University of Connecticut-Avery Point,Groton,CT,542,Public,New England,0.9208,23,16868,9009,128619,0.530965508,0.848600006,0.071700001,0.070999999,0.026099999,0.681066667,0.770920991,19000,58400
University of Connecticut-Hartford Campus,Hartford,CT,1396,Public,New England,0.9486,24,16600,5886,117198,NA,NA,NA,NA,NA,NA,NA,19000,NA
University of Connecticut-Stamford,Stamford,CT,1858,Public,New England,0.782,24,21620,3669,128619,0.530965508,0.848600006,0.071700001,0.070999999,0.026099999,0.681066667,0.770920991,19000,58400
University of Connecticut-Waterbury Campus,Waterbury,CT,840,Public,New England,0.9666,22,17022,2524,128619,0.530965508,0.848600006,0.071700001,0.070999999,0.026099999,0.681066667,0.770920991,19000,58400
University of Dallas,Irving,TX,1467,Private,South West,0.3913,26,53887,18700,71919,0.569744597,0.783600006,0.086999998,0.150299997,0.0399,0.547826087,0.613793103,18998,47400
University of Dayton,Dayton,OH,8508,Private,Great Lakes,0.7154,27,57680,18873,79893,0.519816437,0.883899994,0.070100002,0.028800001,0.021600001,0.7,0.779710145,20500,55100
University of Delaware,Newark,DE,19060,Public,Mid East,0.6639,28,25584,19463,116136,0.585467128,0.823700027,0.105600004,0.047399998,0.0353,0.696804365,0.79185022,21166,57000
University of Denver,Denver,CO,5791,Private,Rocky Mountains,0.5647,29,64513,28488,97164,0.602179837,0.836500015,0.0423,0.1221,0.034000001,0.620805369,0.706498952,18045,56500
University of Detroit Mercy,Detroit,MI,2754,Private,Great Lakes,0.8298,24,53947,24219,84915,0.679580307,0.633899994,0.306700001,0.034300001,0.0189,0.471502591,0.610169492,21000,47100
University of Dubuque,Dubuque,IA,1965,Private,Plains,0.7303,19,40660,18193,57681,0.42459605,0.865800018,0.081800003,0.058299999,0.013200001,0.327823691,0.475982533,15673,39200
University of Evansville,Evansville,IN,2018,Private,Great Lakes,0.6948,25,48967,14026,73521,0.613607189,0.905400009,0.053299999,0.0322,0.0125,0.644295302,0.674897119,20000,41800
University of Florida,Gainesville,FL,34564,Public,South East,0.3875,30,21034,8054,104472,0.593790288,0.788399963,0.1354,0.149399996,0.024000001,0.708729082,0.795793758,14954,56000
University of Florida-Online,Gainesville,FL,2912,Public,South East,0.614,26,17405,457,43317,0.593790288,NA,NA,NA,NA,0.708729082,0.795793758,14954,56000
University of Georgia,Athens,GA,29474,Public,South East,0.4863,30,26252,12020,100593,0.574375821,0.748799973,0.185699997,0.0496,0.0278,0.691226097,0.763334827,16750,50500
University of Guam,Mangilao,GU,3375,Public,Outlying Territories,NA,NA,13659,3336,70227,0.595106551,0.624599991,0.181499996,0.129399996,0.083500004,0.086538462,0.111827957,12000,30100
University of Hartford,West Hartford,CT,4750,Private,New England,0.7136,25,53430,15745,70299,0.567121024,0.809000015,0.096400003,0.0804,0.035799999,0.497568882,0.559577677,19495,47800
University of Hawaii-West Oahu,Kapolei,HI,2743,Public,Far West,0.7531,19,15806,5414,86571,0.703349282,0.245900002,0.025699999,0.08,0.390400009,0.432926829,0.430317848,10500,38600
University of Hawaii at Hilo,Hilo,HI,2681,Public,Far West,0.7863,20,21860,7645,89946,0.68922853,0.490699997,0.020999999,0.100699997,0.205200005,0.354545455,0.340753425,13783,37900
University of Hawaii at Manoa,Honolulu,HI,12609,Public,Far West,0.8352,24,23948,11038,109467,0.598799631,0.431300011,0.0304,0.085600004,0.309400005,0.539098436,0.548269581,14000,45800
University of Holy Cross,New Orleans,LA,863,Private,South East,0.3534,NA,21515,14993,61794,0.893280632,0.615600014,0.320200005,0.053699999,0.0272,0.333333333,0.331753555,15000,39500
University of Houston,Houston,TX,37291,Public,South West,0.6234,25,24923,10236,107100,0.525710015,0.6225,0.169799995,0.262999992,0.065,0.449549829,0.548491064,13500,51600
University of Houston-Clear Lake,Houston,TX,6196,Public,South West,0.6942,22,22326,9107,79965,0.681438127,0.720800018,0.109300003,0.243799992,0.035999999,0.56626506,0.608365019,13750,47900
University of Houston-Downtown,Houston,TX,12572,Public,South West,0.8317,19,16547,6874,72954,0.653760238,0.536899986,0.231000004,0.331899986,0.054699998,0.275960171,0.37751004,15000,45000
University of Houston-Victoria,Victoria,TX,3190,Public,South West,0.5393,NA,19075,6166,76959,0.655472637,0.7225,0.099700003,0.305100002,0.028099999,0.303703704,0.42339374,13124,41800
University of Idaho,Moscow,ID,7528,Public,Rocky Mountains,0.7725,23,20937,9330,84114,0.505815886,0.902300034,0.010700001,0.060700002,0.017,0.432754881,0.521978022,17000,41900
University of Illinois at Chicago,Chicago,IL,20435,Public,Great Lakes,0.7555,24,25260,12143,100359,0.528450212,0.685800018,0.140900002,0.176900005,0.060700002,0.611254517,0.591055786,14000,54300
University of Illinois at Springfield,Springfield,IL,2704,Public,Great Lakes,0.5282,24,23955,7838,71343,0.570469799,0.855899963,0.1,0.033,0.0148,0.430481283,0.506849315,14000,44600
University of Illinois at Urbana-Champaign,Champaign,IL,32974,Public,Great Lakes,0.6216,29,30082,14691,112725,0.494837172,0.800699997,0.097600002,0.084099998,0.045900002,0.729411765,0.816576753,15500,61500
University of Indianapolis,Indianapolis,IN,4487,Private,Great Lakes,0.6891,22,41632,14687,67509,0.675318547,0.870800018,0.087799997,0.0324,0.011799999,0.358823529,0.462420382,18500,40600
University of Iowa,Iowa City,IA,23410,Public,Plains,0.8267,26,22607,14547,91440,0.562304321,0.915800018,0.0303,0.0377,0.0224,0.608630952,0.657255417,16173,51900
University of Jamestown,Jamestown,ND,877,Private,Plains,0.615,22,32966,10212,57834,0.495475113,0.927900009,0.0093,0.023399999,0.0101,0.289855072,0.474137931,16750,43800
University of Kansas,Lawrence,KS,19135,Public,Plains,0.9171,26,24996,12624,91404,0.547597184,0.873000031,0.051799998,0.053200002,0.023199999,0.505344418,0.573196986,15000,48800
University of Kentucky,Lexington,KY,21746,Public,South East,0.9448,26,28711,12780,96192,0.568774704,0.891100006,0.073200002,0.020699999,0.0137,0.517827756,0.56037296,16250,45100
University of La Verne,La Verne,CA,5098,Private,Far West,0.5089,23,54445,20508,83376,0.624386826,0.592599983,0.065700002,0.387000008,0.085699997,0.482200647,0.567287785,21693,49200
University of Louisiana at Lafayette,Lafayette,LA,14245,Public,South East,0.5599,25,20807,9602,75033,0.61641286,0.691600037,0.272800007,0.023900001,0.0129,0.382556987,0.413646055,12444,39900
University of Louisiana at Monroe,Monroe,LA,6293,Public,South East,0.7101,23,20052,8082,66348,0.697550586,0.644899979,0.328400002,0.0188,0.0082,0.345814978,0.379114642,12870,37500
University of Louisville,Louisville,KY,14488,Public,South East,0.7243,26,26140,11960,78516,0.551316985,0.846500015,0.1171,0.0203,0.0123,0.389380531,0.48013245,13061,41800
University of Lynchburg,Lynchburg,VA,1986,Private,South East,NA,NA,50299,15629,69291,0.617154812,0.791600037,0.153199997,0.0329,0.0247,0.45971564,0.566765579,21745,43600
University of Maine,Orono,ME,8861,Public,New England,0.9234,25,23547,11226,85374,0.482962963,0.960199966,0.0095,0.0124,0.0085,0.496780129,0.515377446,18500,42500
University of Maine at Augusta,Augusta,ME,3230,Public,New England,NA,NA,16535,5542,66528,0.726321298,0.967900009,0.0063,0.0092,0.0062,0.150649351,0.216685979,13975,27700
University of Maine at Farmington,Farmington,ME,1637,Public,New England,0.8121,NA,22158,6095,63945,0.676258993,0.968700027,0.0065,0.0099,0.0075,0.392857143,0.475073314,16000,36000
University of Maine at Fort Kent,Fort Kent,ME,1033,Public,New England,0.9502,19,17604,6098,60300,0.74340949,0.960999985,0.0139,0.0102,0.0068,0.317647059,0.413265306,12909,33400
University of Maine at Machias,Machias,ME,480,Public,New England,NA,NA,17588,4345,60525,0.647928994,0.937799988,0.014,0.0167,0.0064,0.261538462,0.254901961,11108,27500
University of Maine at Presque Isle,Presque Isle,ME,791,Public,New England,0.9164,NA,16620,4594,60453,0.63877551,0.955699997,0.009,0.0112,0.0061,0.327272727,0.239766082,8250,32400
University of Mary,Bismarck,ND,2169,Private,Plains,0.779,23,28472,16959,72279,0.650952859,0.889499969,0.01,0.025999999,0.0067,0.369458128,0.519774011,16349,48000
University of Mary Hardin-Baylor,Belton,TX,3362,Private,South West,0.8668,23,39824,18978,71226,0.633122484,0.751800003,0.115799999,0.171399994,0.023099999,0.335051546,0.523719165,18500,44200
University of Mary Washington,Fredericksburg,VA,4371,Public,South East,0.7175,26,26308,6645,73962,0.685314685,0.810899963,0.113999996,0.045,0.0346,0.566176471,0.656410256,15000,51400
University of Maryland-Baltimore County,Baltimore,MD,11156,Public,Mid East,0.5794,27,24522,9864,88821,0.493952721,0.682600021,0.221299992,0.046900001,0.052800002,0.501779359,0.562862669,16500,55000
University of Maryland-College Park,College Park,MD,30184,Public,Mid East,0.4716,31,25919,14839,117405,0.508934661,0.678199997,0.204400005,0.0652,0.063699999,0.68626506,0.757757758,15750,62900
University of Maryland Baltimore,Baltimore,MD,892,Public,Mid East,NA,NA,NA,17188,101385,0.858796296,0.655999985,0.245900002,0.054699998,0.0504,NA,NA,15000,89700
University of Maryland Eastern Shore,Princess Anne,MD,2538,Public,Mid East,0.5411,18,24376,4129,73818,0.588596982,0.447799988,0.469000015,0.056599998,0.0323,0.272108844,0.397415186,17500,36600
University of Maryland Global Campus,Adelphi,MD,44071,Public,Mid East,NA,NA,17822,8834,56502,0.54435891,0.595600014,0.292299995,0.0798,0.045100002,0.241584158,0.252604167,11547,51200
University of Massachusetts-Amherst,Amherst,MA,23202,Public,New England,0.5992,29,30013,13157,110286,0.515474436,0.875199966,0.043899999,0.053200002,0.033499999,0.621118012,0.665241556,20600,51400
University of Massachusetts-Boston,Boston,MA,12229,Public,New England,0.7761,NA,23356,14218,96570,0.569020416,0.726500015,0.128500004,0.085100002,0.061599998,0.358995816,0.43199066,16250,48200
University of Massachusetts-Dartmouth,North Dartmouth,MA,6649,Public,New England,0.7754,23,27142,10480,97857,0.508088676,0.890199966,0.036900001,0.038499999,0.021199999,0.430315361,0.501594049,19500,48200
University of Massachusetts-Lowell,Lowell,MA,13385,Public,New England,0.7183,27,28201,13280,104454,0.434395849,0.848499985,0.036300001,0.082600002,0.048099999,0.495700246,0.558697515,18926,53300
University of Memphis,Memphis,TN,15563,Public,South East,0.843,23,22676,7992,80406,0.601940402,0.552799988,0.406199989,0.0275,0.0148,0.349358974,0.427780145,16750,37400
University of Miami,Coral Gables,FL,10873,Private,South East,0.3215,31,65298,30749,111303,0.574410163,0.788700027,0.117700005,0.259300003,0.0303,0.676602086,0.786717752,15577,60100
University of Michigan-Ann Arbor,Ann Arbor,MI,30079,Public,Great Lakes,0.2283,32,29407,24489,104598,0.534934841,0.816399994,0.101000004,0.045500002,0.040100002,0.828416616,0.875220718,15459,63400
University of Michigan-Dearborn,Dearborn,MI,6965,Public,Great Lakes,0.7797,27,19694,12612,91755,0.511645379,0.762600021,0.161499996,0.031099999,0.0248,0.40203193,0.44138756,17500,48600
University of Michigan-Flint,Flint,MI,5343,Public,Great Lakes,0.6626,23,20991,11208,81693,0.653116531,0.837300034,0.121400003,0.0249,0.0093,0.323893805,0.424742268,19000,40600
University of Minnesota-Crookston,Crookston,MN,1834,Public,Plains,0.6592,22,23374,6031,67239,0.489685125,0.917099991,0.023299999,0.041599998,0.0111,0.425531915,0.411320755,13854,44800
University of Minnesota-Duluth,Duluth,MN,9108,Public,Plains,0.7432,24,24300,8827,75969,0.488211174,0.929499969,0.0174,0.0185,0.0187,0.45320197,0.495735608,15750,47200
University of Minnesota-Morris,Morris,MN,1488,Public,Plains,0.6279,25,23844,5069,65412,0.589205397,0.895100021,0.0329,0.028499999,0.021400001,0.475138122,0.574766355,13000,40700
University of Minnesota-Rochester,Rochester,MN,519,Public,Plains,0.4954,24,25362,15012,60282,0.559390667,NA,NA,NA,NA,0.690828402,0.712333225,16751,51900
University of Minnesota-Twin Cities,Minneapolis,MN,31451,Public,Plains,0.5187,29,26443,13669,107343,0.559390667,0.879499969,0.044299998,0.0325,0.034400001,0.690828402,0.712333225,16751,51900
University of Mississippi,University,MS,17784,Public,South East,0.8806,25,24822,11133,82953,0.608056266,0.704400024,0.265300007,0.0222,0.0105,0.469358327,0.559922368,15000,42700
University of Missouri-Columbia,Columbia,MO,22030,Public,Plains,0.7784,26,26259,11515,86724,0.543242492,0.874499969,0.081099997,0.023099999,0.0179,0.526663911,0.622082253,18250,48300
University of Missouri-Kansas City,Kansas City,MO,7681,Public,Plains,0.5648,25,20934,12016,81369,0.606357616,0.790699997,0.148000002,0.046500001,0.0165,0.467239527,0.470669427,14000,45700
University of Missouri-St Louis,Saint Louis,MO,7136,Public,Plains,0.7255,24,22810,8797,78075,0.609886837,0.765699997,0.195400009,0.0172,0.0163,0.481171548,0.504804612,16718,42900
University of Mobile,Mobile,AL,1294,Private,South East,0.4704,22,35463,10177,43767,0.673280423,0.710400009,0.251000004,0.023199999,0.0103,0.366666667,0.262589928,19500,35200
University of Montevallo,Montevallo,AL,2251,Public,South East,0.4848,24,24411,8343,69390,0.682758621,0.778000031,0.192999992,0.020799999,0.0076,0.346341463,0.436123348,17213,34200
University of Mount Olive,Mount Olive,NC,2853,Private,South East,0.5296,19,29746,9432,65502,0.703140334,0.668199997,0.267199993,0.058800001,0.0115,0.390449438,0.383190883,19474,39500
University of Mount Union,Alliance,OH,2155,Private,Great Lakes,0.9641,23,41620,13780,65628,0.453230473,0.926100006,0.046799998,0.0166,0.0087,0.508417508,0.737373737,20500,42900
University of Nebraska-Lincoln,Lincoln,NE,20592,Public,Plains,0.7961,26,23936,10061,98424,0.525061037,0.918099976,0.0248,0.043699999,0.015700001,0.508504399,0.567551267,13919,46400
University of Nebraska at Kearney,Kearney,NE,4328,Public,Plains,0.9363,23,22469,5565,68049,0.618660287,0.941100006,0.01,0.052600002,0.0072,0.399224806,0.470833333,12500,41300
University of Nebraska at Omaha,Omaha,NE,12230,Public,Plains,0.8168,23,18849,6733,75393,0.560827251,0.884700012,0.055100002,0.049400001,0.0155,0.370823146,0.418541241,13188,44200
University of Nebraska Medical Center,Omaha,NE,844,Public,Plains,NA,NA,NA,13795,83412,0.866877972,0.922300034,0.0197,0.0498,0.0128,NA,NA,13791,71000
University of Nevada-Las Vegas,Las Vegas,NV,24707,Public,Far West,0.8204,22,17582,7211,97002,0.596626288,0.721100006,0.078299999,0.170499992,0.0704,0.329525985,0.380412788,12500,45000
University of Nevada-Reno,Reno,NV,17513,Public,Far West,0.8815,24,21792,7092,91737,0.56378249,0.806600037,0.034000001,0.133500004,0.045900002,0.476874003,0.554653342,13250,47000
University of New England,Biddeford,ME,2379,Private,New England,0.7982,23,53663,23042,79992,0.7390681,0.943399963,0.0171,0.020999999,0.0137,0.598958333,0.582205029,19822,46300
University of New Hampshire-Main Campus,Durham,NH,12668,Public,New England,0.7678,25,32469,13676,107037,0.557601955,0.943700027,0.0159,0.0226,0.0174,0.675735294,0.714776632,23250,51400
University of New Hampshire at Manchester,Manchester,NH,703,Public,New England,0.6757,24,20689,12069,86526,0.557601955,0.943700027,0.0159,0.0226,0.0174,0.675735294,0.714776632,23250,51400
University of New Haven,West Haven,CT,5041,Private,New England,0.8387,23,54609,20345,95094,0.575202386,0.844300003,0.0775,0.070999999,0.0276,0.556569343,0.629360465,22092,52100
University of New Mexico-Main Campus,Albuquerque,NM,17321,Public,South West,0.6961,22,19235,6322,81513,0.583267293,0.600299988,0.021900001,0.356100006,0.014,0.272613065,0.32970686,13484,36400
University of New Orleans,New Orleans,LA,5909,Public,South East,0.5726,23,19331,8861,71811,0.578884935,0.598300018,0.340099983,0.052800002,0.0252,0.345679012,0.381979695,10250,37800
University of North Alabama,Florence,AL,5741,Public,South East,0.6434,23,18712,7591,71082,0.601393189,0.837600021,0.132200003,0.0205,0.0055,0.314487633,0.432950192,14250,37800
University of North Carolina at Asheville,Asheville,NC,3478,Public,South East,0.9363,25,19710,6841,75258,0.612205976,0.835400009,0.116700001,0.038800001,0.0141,0.532934132,0.574370709,14000,34500
University of North Carolina at Chapel Hill,Chapel Hill,NC,18946,Public,South East,0.2271,31,25527,15003,115569,0.619639794,0.751600037,0.178099995,0.050300002,0.025699999,0.767164179,0.829126214,14786,55600
University of North Carolina at Charlotte,Charlotte,NC,23939,Public,South East,0.6683,24,22346,8263,86598,0.52230815,0.751299973,0.184799995,0.049400001,0.022,0.452979182,0.546823357,17000,44000
University of North Carolina at Greensboro,Greensboro,NC,16238,Public,South East,0.8384,23,19779,6177,78813,0.685265372,0.742200012,0.198999996,0.0452,0.0178,0.463492063,0.527604815,15150,37500
University of North Carolina at Pembroke,Pembroke,NC,5960,Public,South East,0.8123,19,18589,4638,66708,0.606557377,0.535600014,0.256900005,0.048299999,0.0108,0.341059603,0.398882682,15146,34400
University of North Carolina School of the Arts,Winston Salem,NC,890,Public,South East,0.3823,25,21560,14580,69687,0.520775623,0.780400009,0.140200005,0.066500001,0.0299,0.6,0.763157895,24179,35500
University of North Carolina Wilmington,Wilmington,NC,14076,Public,South East,0.6125,25,24098,7440,75978,0.63087375,0.785999985,0.158500004,0.0398,0.0162,0.557654076,0.626055489,15860,41600
University of North Dakota,Grand Forks,ND,9910,Public,Plains,0.8221,24,20611,11379,75393,0.477076238,0.911900024,0.013,0.025,0.013099999,0.374542794,0.490940466,17125,48700
University of North Florida,Jacksonville,FL,14223,Public,South East,0.6108,24,19691,5546,73305,0.61454833,0.782099991,0.153999996,0.061199999,0.0245,0.4504,0.557267591,12324,43200
University of North Georgia,Dahlonega,GA,17661,Public,South East,0.8094,23,15666,4850,53964,0.57470651,NA,NA,NA,NA,0.265255293,0.351889683,9374,41900
University of North Texas,Denton,TX,31375,Public,South West,0.7105,24,22827,9589,89802,0.548531843,0.752699966,0.110699997,0.170699997,0.0352,0.41543901,0.523483366,14000,45000
University of North Texas at Dallas,Dallas,TX,2945,Public,South West,0.8311,18,18699,7012,76851,0.733679205,NA,NA,NA,NA,NA,NA,10868,45000
University of Northern Colorado,Greeley,CO,8903,Public,Rocky Mountains,0.9075,22,22886,10249,70065,0.651035468,0.849499969,0.0255,0.142600002,0.0255,0.387755102,0.507453014,11932,42000
University of Northern Iowa,Cedar Falls,IA,9391,Public,Plains,0.8074,24,21177,6485,74493,0.595083488,0.940999985,0.0246,0.028,0.0094,0.530944625,0.61102719,15541,44600
University of Northwestern-St Paul,Saint Paul,MN,1818,Private,Plains,0.9262,24,43056,14794,58095,0.5782881,0.906900024,0.0322,0.028499999,0.0251,0.46969697,0.611620795,18750,38500
University of Notre Dame,Notre Dame,IN,8568,Private,Great Lakes,0.1771,34,69395,24901,129195,0.460440214,0.830400009,0.071500001,0.087399998,0.0395,0.942698706,0.960784314,19000,78400
University of Oklahoma-Health Sciences Center,Oklahoma City,OK,759,Public,South West,NA,NA,NA,14716,73332,0.557354514,0.775699997,0.078499999,0.056100001,0.0229,0.441647597,0.531384763,15892,51100
University of Oklahoma-Norman Campus,Norman,OK,21675,Public,South West,0.7769,26,28306,13551,88254,0.557354514,0.788700027,0.073000002,0.065100002,0.025799999,0.441647597,0.531384763,15892,51100
University of Oregon,Eugene,OR,18923,Public,Far West,0.8337,25,25126,17072,93465,0.581754386,0.860100021,0.0187,0.071300001,0.040500002,0.592253521,0.628979144,15895,44800
University of Pennsylvania,Philadelphia,PA,10764,Private,Mid East,0.0841,34,72584,40773,160983,0.572133169,0.751999969,0.126899996,0.082600002,0.061700001,0.812854442,0.816,17085,85900
University of Phoenix-Arizona,Phoenix,AZ,70241,Private,South West,NA,NA,20404,13255,61659,0.697281162,NA,NA,NA,NA,0.218813469,0.208461462,18500,47100
University of Phoenix-California,Ontario,CA,5544,Private,Far West,NA,NA,20502,11191,90036,0.697281162,NA,NA,NA,NA,0.218813469,0.208461462,18500,47100
University of Phoenix-Texas,Houston,TX,744,Private,South West,NA,NA,21280,8347,NA,0.697281162,NA,NA,NA,NA,0.218813469,0.208461462,18500,47100
University of Pikeville,Pikeville,KY,1082,Private,South East,NA,NA,35966,20705,56115,0.492044064,0.927600021,0.053499999,0.0142,0.005,0.281481481,0.35,11629,31100
University of Pittsburgh-Bradford,Bradford,PA,1246,Public,Mid East,0.4913,23,27122,9851,67311,0.529968119,0.905800018,0.060700002,0.019,0.0145,0.626083368,0.695440957,20500,53900
University of Pittsburgh-Greensburg,Greensburg,PA,1506,Public,Mid East,0.6403,24,27028,11728,64386,0.529968119,0.905800018,0.060700002,0.019,0.0145,0.626083368,0.695440957,20500,53900
University of Pittsburgh-Johnstown,Johnstown,PA,2598,Public,Mid East,0.6511,24,26967,12084,66411,0.529968119,0.905800018,0.060700002,0.019,0.0145,0.626083368,0.695440957,20500,53900
University of Pittsburgh-Pittsburgh Campus,Pittsburgh,PA,19127,Public,Mid East,0.5927,31,33155,18384,97704,0.529968119,0.905800018,0.060700002,0.019,0.0145,0.626083368,0.695440957,20500,53900
University of Portland,Portland,OR,3757,Private,Far West,0.7533,26,58463,22941,77958,0.627604167,0.815599976,0.0273,0.080799999,0.062199998,0.805343511,0.828009828,20500,58800
University of Providence,Great Falls,MT,876,Private,Rocky Mountains,0.5636,NA,36439,10031,52155,0.565217391,0.855999985,0.0165,0.0573,0.014299999,0.434782609,0.383647799,15750,32500
University of Puerto Rico-Aguadilla,Aguadilla,PR,3046,Public,Outlying Territories,0.7436,NA,9569,662,62730,0.550319954,0.821399994,0.070900002,0.987200012,0.002,0.223837209,0.254736842,5500,NA
University of Puerto Rico-Arecibo,Arecibo,PR,3617,Public,Outlying Territories,0.4995,NA,12175,391,59535,0.595788392,0.821399994,0.070900002,0.987200012,0.002,0.268518519,0.453097345,4500,NA
University of Puerto Rico-Bayamon,Bayamon,PR,4190,Public,Outlying Territories,0.6988,NA,7569,613,50463,0.501958864,0.821399994,0.070900002,0.987200012,0.002,0.074468085,0.120543294,4500,NA
University of Puerto Rico-Carolina,Carolina,PR,3262,Public,Outlying Territories,0.316,NA,11894,1829,56790,0.620170597,0.821399994,0.070900002,0.987200012,0.002,0.213399504,0.288035451,4500,NA
University of Puerto Rico-Cayey,Cayey,PR,3064,Public,Outlying Territories,0.7231,NA,12029,568,63045,0.664516129,0.821399994,0.070900002,0.987200012,0.002,0.136029412,0.139146568,5000,NA
University of Puerto Rico-Humacao,Humacao,PR,3249,Public,Outlying Territories,0.4187,NA,13246,549,53208,0.655567686,0.821399994,0.070900002,0.987200012,0.002,0.134099617,0.212962963,5000,NA
University of Puerto Rico-Mayaguez,Mayaguez,PR,12060,Public,Outlying Territories,0.6351,NA,14302,851,78453,0.473985561,0.821399994,0.070900002,0.987200012,0.002,0.147186147,0.182068966,6000,NA
University of Puerto Rico-Ponce,Ponce,PR,2828,Public,Outlying Territories,0.3526,NA,11071,475,50688,0.565099946,0.821399994,0.070900002,0.987200012,0.002,0.141333333,0.251091703,4500,NA
University of Puerto Rico-Rio Piedras,San Juan,PR,11503,Public,Outlying Territories,0.4267,NA,11299,1133,64062,0.618448637,0.821399994,0.070900002,0.987200012,0.002,0.169655172,0.215447154,5500,NA
University of Puget Sound,Tacoma,WA,2363,Private,Far West,0.8831,NA,63474,31613,94680,0.639386189,0.806600037,0.0345,0.079400001,0.066599998,0.634831461,0.772727273,19500,52700
University of Redlands,Redlands,CA,2945,Private,Far West,0.7475,26,65220,18560,92178,0.592654424,0.690299988,0.059099998,0.257600002,0.065900002,0.551807229,0.663157895,25000,55000
University of Rhode Island,Kingston,RI,13743,Public,New England,0.6948,24,29018,13880,85392,0.594716719,0.866399994,0.043600001,0.070999999,0.026700001,0.594298246,0.650680876,18500,52900
University of Richmond,University of Richmond,VA,3215,Private,South East,0.3017,32,64785,26089,114057,0.549090909,0.815400009,0.121999998,0.0378,0.031199999,0.795811518,0.832653061,19000,64500
University of Rochester,Rochester,NY,6348,Private,Mid East,0.2942,32,70108,22774,114858,0.549099361,0.837300034,0.071599998,0.069000001,0.040599999,0.780973451,0.838649156,19000,61200
University of Saint Francis-Fort Wayne,Fort Wayne,IN,1774,Private,Great Lakes,0.9342,21,37939,16278,59670,0.722271517,0.913899994,0.046500001,0.032,0.0095,0.45625,0.562200957,18180,40400
University of Saint Joseph,West Hartford,CT,865,Private,New England,0.7235,NA,48533,21573,77580,0.968105066,0.805599976,0.101800003,0.089899998,0.0221,NA,NA,24026,52800
University of Saint Mary,Leavenworth,KS,732,Private,Plains,0.6135,21,39819,14174,56304,0.524752475,0.795699997,0.111700001,0.093900003,0.018099999,0.403846154,0.597222222,15500,38500
University of San Diego,San Diego,CA,5760,Private,Far West,0.5292,28,64732,29223,110556,0.57300885,0.7325,0.043600001,0.185799999,0.088800001,0.717948718,0.796257796,20500,60000
University of San Francisco,San Francisco,CA,6661,Private,Far West,0.6455,26,65185,28022,111411,0.675536881,0.622799988,0.063600001,0.172999992,0.170200005,0.677184466,0.703753351,20000,62300
University of Science and Arts of Oklahoma,Chickasha,OK,817,Public,South West,0.5304,22,18014,2848,51183,0.704697987,0.795,0.056399999,0.049299998,0.0094,NA,NA,9329,32000
University of Scranton,Scranton,PA,3624,Private,Mid East,0.7319,26,59656,21654,92628,0.566112957,0.892099991,0.044400001,0.050599999,0.0297,0.742937853,0.745867769,25949,57500
University of Sioux Falls,Sioux Falls,SD,1268,Private,Plains,0.9125,23,39234,11334,56745,0.640854473,0.938000031,0.0126,0.0249,0.0089,0.414772727,0.528138528,16500,40100
University of South Alabama,Mobile,AL,10035,Public,South East,0.7931,24,19835,9364,65151,0.622936763,0.714300003,0.246800003,0.017,0.0146,0.292662116,0.386730424,16750,37800
University of South Carolina-Columbia,Columbia,SC,26300,Public,South East,0.6306,28,26841,13541,96696,0.556006394,0.713799973,0.244200001,0.028199999,0.015700001,0.615942029,0.702415063,19000,44900
University of South Carolina-Upstate,Spartanburg,SC,5403,Public,South East,0.5719,20,23484,6512,62028,0.68466731,0.728000031,0.235599995,0.0272,0.0121,0.404929577,0.510125362,15000,36900
University of South Carolina Aiken,Aiken,SC,3019,Public,South East,0.5095,20,22106,6189,62280,0.656100479,0.650299988,0.316900005,0.024000001,0.0085,0.280821918,0.376873662,14000,37100
University of South Carolina Beaufort,Bluffton,SC,2040,Public,South East,0.6328,20,23493,6555,66159,0.709247649,0.671900024,0.280599995,0.053400002,0.0088,0.335106383,0.335092348,12000,36800
University of South Dakota,Vermillion,SD,6228,Public,Plains,0.858,23,21622,8338,71055,0.634171196,0.924499969,0.010599999,0.023499999,0.009,0.412942989,0.484641638,16879,42000
University of South Florida-Main Campus,Tampa,FL,31321,Public,South East,0.4263,28,20456,6658,91512,0.605735746,0.806900024,0.118199997,0.115100002,0.020899999,0.546160483,0.637690223,15500,43500
University of South Florida-Sarasota-Manatee,Sarasota,FL,1834,Public,South East,0.3243,26,13043,5195,81747,0.605735746,NA,NA,NA,NA,0.546160483,0.637690223,15500,43500
University of South Florida-St Petersburg,St. Petersburg,FL,4073,Public,South East,0.3865,25,19849,4998,86166,0.605735746,NA,NA,NA,NA,0.546160483,0.637690223,15500,43500
University of Southern California,Los Angeles,CA,19548,Private,Far West,0.1296,32,72097,37039,132408,0.55406472,0.643300018,0.063400002,0.233700008,0.128500004,0.826797386,0.886204209,18500,74000
University of Southern Indiana,Evansville,IN,7369,Public,Great Lakes,0.9458,22,18952,5639,65727,0.640927775,0.918600006,0.055700002,0.0183,0.0064,0.343352601,0.421722846,13250,37000
University of Southern Maine,Portland,ME,5281,Public,New England,0.8543,22,19385,8097,79155,0.607814761,0.957600021,0.010599999,0.0126,0.0115,0.357836338,0.44245283,14084,38700
University of Southern Mississippi,Hattiesburg,MS,11834,Public,South East,0.9788,22,22281,6573,69399,0.650544135,0.680999985,0.289799995,0.0183,0.0099,0.354118553,0.430315789,15000,36400
University of St Francis,Joliet,IL,1590,Private,Great Lakes,0.4678,23,40305,13217,70425,0.644846797,0.820999985,0.103500004,0.084300003,0.021700001,0.557823129,0.643533123,20280,53100
University of St Thomas,Saint Paul,MN,6344,Private,Plains,0.8039,27,52824,19793,94941,0.488041002,0.900699997,0.033599999,0.03,0.029400001,0.645896657,0.690031153,21460,56800
University of St Thomas,Houston,TX,1909,Private,South West,0.8224,24,43207,16842,68463,0.717105263,0.660500031,0.137600002,0.266900005,0.058000002,0.361904762,0.559139785,16750,49600
University of the Cumberlands,Williamsburg,KY,2408,Private,South East,0.733,23,35748,9038,46737,0.56498471,0.917099991,0.05,0.025,0.0087,0.270700637,0.456431535,9734,35100
University of the District of Columbia,Washington,DC,3656,Public,Mid East,NA,NA,22928,9559,75852,0.602446483,0.1775,0.733099976,0.079400001,0.021300001,0.190871369,0.183050847,12500,35200
University of the Incarnate Word,San Antonio,TX,5312,Private,South West,0.8794,20,41978,17636,74799,0.640720721,0.724499969,0.0679,0.467299995,0.0191,0.391304348,0.465158371,23000,46500
University of the Ozarks,Clarksville,AR,862,Private,South East,0.5232,NA,35136,8782,60660,0.485955056,0.858000031,0.065700002,0.072800002,0.0113,0.418181818,0.535211268,5500,33900
University of the Pacific,Stockton,CA,3665,Private,Far West,0.6348,26,60487,32936,95283,0.590138675,0.640699997,0.055900002,0.201000004,0.138000002,0.616,0.630071599,18750,71700
University of the Sciences,Philadelphia,PA,1225,Private,Mid East,0.6327,26,58113,27115,72468,0.623529412,0.812399979,0.096000004,0.053600001,0.050999999,0.716763006,0.696498054,26999,91600
University of the Southwest,Hobbs,NM,416,Private,South West,0.4478,NA,25896,11089,49383,0.47740113,0.667099991,0.044000001,0.379099998,0.0095,0.276315789,0.21978022,11000,36200
University of the Virgin Islands,Charlotte Amalie,VI,1650,Public,Outlying Territories,0.9778,NA,17349,8441,63900,0.682520809,0.640899963,0.248400002,0.085699997,0.0328,0.129411765,0.185082873,9321,32000
University of Toledo,Toledo,OH,14893,Public,Great Lakes,0.9365,23,23625,10533,80487,0.525252525,0.830500031,0.127799997,0.0299,0.0117,0.347599165,0.384768542,13000,43800
University of Tulsa,Tulsa,OK,3246,Private,South West,0.4077,29,56906,19087,95076,0.494208494,0.799100037,0.070799999,0.070799999,0.0199,0.565217391,0.642458101,16000,48500
University of Utah,Salt Lake City,UT,23396,Public,Rocky Mountains,0.6686,26,20422,12004,96543,0.505529686,0.884000015,0.0124,0.091199999,0.023299999,0.488725065,0.505192108,13200,53000
University of Valley Forge,Phoenixville,PA,571,Private,Mid East,0.5893,NA,33761,11902,52920,0.554054054,0.874100037,0.073099999,0.040599999,0.0189,0.335766423,0.510638298,19000,31100
University of Vermont,Burlington,VT,10612,Public,New England,0.6756,29,32825,24913,91845,0.601497265,0.915299988,0.0298,0.035799999,0.0229,0.672,0.704130644,17352,47300
University of Virginia-Main Campus,Charlottesville,VA,16405,Public,South East,0.2643,32,32213,21371,128502,0.545454546,0.757300034,0.151499996,0.051999998,0.046599998,0.863157895,0.905982906,15500,61200
University of Washington-Bothell Campus,Bothell,WA,5363,Public,Far West,0.7935,23,22125,3266,97659,0.574635542,0.779899979,0.044699998,0.066100001,0.086000004,0.715261181,0.761327561,12750,57700
University of Washington-Seattle Campus,Seattle,WA,30905,Public,Far West,0.4869,30,25275,17912,117774,0.574635542,0.779899979,0.044699998,0.066100001,0.086000004,0.715261181,0.761327561,12750,57700
University of Washington-Tacoma Campus,Tacoma,WA,4530,Public,Far West,0.8556,20,21570,3776,91269,0.574635542,0.779899979,0.044699998,0.066100001,0.086000004,0.715261181,0.761327561,12750,57700
University of West Alabama,Livingston,AL,2152,Public,South East,0.3966,21,20692,7929,58149,0.557758621,0.554900017,0.424799995,0.0171,0.004,0.227272727,0.2421875,14250,37400
University of West Georgia,Carrollton,GA,10448,Public,South East,0.5819,20,22518,6794,57879,0.643554186,0.715100021,0.236000004,0.039400001,0.0154,0.305443548,0.430962343,13802,38200
University of Wisconsin-Eau Claire,Eau Claire,WI,10485,Public,Great Lakes,0.7796,24,19581,7144,69003,0.644375324,0.944700012,0.0122,0.0172,0.018099999,0.587544066,0.636706949,15063,46200
University of Wisconsin-Green Bay,Green Bay,WI,6576,Public,Great Lakes,0.7858,22,18408,5170,59949,0.680396644,0.932900009,0.012,0.023299999,0.015,0.441117764,0.497674419,13000,40800
University of Wisconsin-La Crosse,La Crosse,WI,9517,Public,Great Lakes,0.7065,25,17213,7092,64440,0.577436195,0.944700012,0.0147,0.021800001,0.0159,0.623261694,0.651223776,17500,48000
University of Wisconsin-Madison,Madison,WI,30360,Public,Great Lakes,0.5173,30,25497,13471,111150,0.531132783,0.894599991,0.043499999,0.038,0.0271,0.755591926,0.804788214,18750,56200
University of Wisconsin-Milwaukee,Milwaukee,WI,21027,Public,Great Lakes,0.7403,22,22226,8435,76860,0.56415828,0.845299988,0.096300001,0.043200002,0.0195,0.384454659,0.39252669,16534,44200
University of Wisconsin-Milwaukee Flex,Milwaukee,WI,538,Public,Great Lakes,NA,NA,NA,3322,83241,NA,NA,NA,NA,NA,NA,NA,16534,NA
University of Wisconsin-Oshkosh,Oshkosh,WI,10749,Public,Great Lakes,0.7084,22,18612,5558,65484,0.609716157,0.938899994,0.0167,0.021600001,0.015599999,0.456292027,0.507491857,16750,42700
University of Wisconsin-Parkside,Kenosha,WI,3978,Public,Great Lakes,0.6712,21,16329,4919,59184,0.566447701,0.812699966,0.117200003,0.073600001,0.0133,0.315196998,0.347753744,14000,39900
University of Wisconsin-Platteville,Platteville,WI,7786,Public,Great Lakes,0.8236,23,18553,6653,61605,0.376672384,0.951699982,0.016799999,0.0196,0.01,0.465240642,0.536193029,16500,47300
University of Wisconsin-River Falls,River Falls,WI,5570,Public,Great Lakes,0.7507,23,19471,6200,69237,0.6388334,0.937600021,0.018099999,0.0186,0.0179,0.48549323,0.594470046,14250,40900
University of Wisconsin-Stevens Point,Stevens Point,WI,8161,Public,Great Lakes,0.8329,22,18368,6226,61029,0.543250689,0.945800018,0.013099999,0.0192,0.0155,0.549351944,0.575463372,15760,40200
University of Wisconsin-Stout,Menomonie,WI,7445,Public,Great Lakes,0.9011,23,19477,6316,64737,0.475708502,0.942399979,0.0155,0.0173,0.0175,0.458557589,0.566591422,15750,45100
University of Wisconsin-Superior,Superior,WI,2191,Public,Great Lakes,0.776,22,18421,6129,58284,0.642276423,0.934000015,0.0096,0.0125,0.0086,0.365517241,0.410501193,15250,36700
University of Wisconsin-Whitewater,Whitewater,WI,11045,Public,Great Lakes,0.7578,22,17576,6986,67752,0.514368456,0.901200027,0.054099998,0.035999999,0.0134,0.50127011,0.597014925,18250,42600
University of Wyoming,Laramie,WY,9854,Public,Rocky Mountains,0.9603,25,19777,6084,88614,0.543719639,0.908300018,0.0151,0.071700001,0.0112,0.406962785,0.494796594,12500,47300
Upper Iowa University,Fayette,IA,3524,Private,Plains,0.5047,21,44206,9677,53235,0.677285319,0.841999969,0.098699999,0.045300002,0.018200001,0.305084746,0.365095286,17504,42900
Urbana University,Urbana,OH,424,Private,Great Lakes,0.9942,23,37118,5014,45009,0.406015038,0.858099976,0.111499996,0.0162,0.008,NA,NA,NA,35200
Ursinus College,Collegeville,PA,1406,Private,Mid East,0.7087,26,65942,18792,80037,0.532786885,0.846999969,0.088599997,0.039200001,0.0322,0.718562874,0.820224719,27000,55200
Ursuline College,Pepper Pike,OH,621,Private,Great Lakes,0.9034,22,43052,18255,54000,0.936,0.725500031,0.236900005,0.0189,0.0146,NA,NA,22500,47800
Uta Mesivta of Kiryas Joel,Monroe,NY,1940,Private,Mid East,NA,NA,19428,11481,24039,NA,0.803600006,0.041100001,0.166000004,0.029000001,NA,NA,NA,20300
Utah State University,Logan,UT,21658,Public,Rocky Mountains,0.8905,25,18531,6483,82926,0.549590875,0.905599976,0.0085,0.0696,0.0167,0.393568841,0.386018237,8750,43200
Utah Valley University,Orem,UT,28278,Public,Rocky Mountains,NA,NA,12921,4961,72675,0.47188775,0.899700012,0.0127,0.079899998,0.015599999,0.25386895,0.284171167,9000,43800
Utica College,Utica,NY,3602,Private,Mid East,0.8442,NA,32202,13505,74223,0.604831752,0.850899963,0.086499996,0.056500001,0.0171,0.489473684,0.6112,16250,45300
Valdosta State University,Valdosta,GA,8404,Public,South East,0.626,21,20699,6176,59859,0.627735596,0.679100037,0.271399994,0.0398,0.015599999,0.219444444,0.279470199,15750,38700
Valley City State University,Valley City,ND,1006,Public,Plains,0.737,21,17987,6134,53694,0.535087719,0.916399994,0.0301,0.038399999,0.0066,0.31372549,0.519685039,11897,39300
Valparaiso University,Valparaiso,IN,3170,Private,Great Lakes,0.8931,26,51215,15375,68508,0.571043771,0.865100021,0.070999999,0.057800002,0.0221,0.685800604,0.68872549,21500,48500
Vanderbilt University,Nashville,TN,6840,Private,South East,0.0961,34,67392,25678,124893,0.52811245,0.791200027,0.131800003,0.064499998,0.0323,0.886287625,0.914383562,13000,69000
Vanguard University of Southern California,Costa Mesa,CA,1842,Private,Far West,0.4017,20,44768,16707,74826,0.660576923,0.698099976,0.0399,0.254599991,0.083100004,0.536036036,0.563245823,18000,41800
Vassar College,Poughkeepsie,NY,2436,Private,Mid East,0.2458,32,70900,28258,109287,0.567123288,0.8,0.085200005,0.089799995,0.051100001,0.914285714,0.908108108,17000,54600
Villa Maria College,Buffalo,NY,538,Private,Mid East,0.7463,NA,27311,15317,37332,0.588114754,0.694599991,0.262900009,0.0274,0.0123,0.193548387,0.202247191,10749,28000
Villanova University,Villanova,PA,6819,Private,Mid East,0.2922,32,68057,28878,100485,0.579468473,0.843000031,0.074099998,0.0625,0.045,0.813559322,0.77919708,25000,77900
Virginia Commonwealth University,Richmond,VA,22497,Public,South East,0.8625,25,30452,12367,83754,0.624378397,0.691999969,0.232800007,0.040999999,0.0346,0.535188216,0.627510421,18750,44000
Virginia Military Institute,Lexington,VA,1685,Public,South East,0.513,27,30600,14914,72729,0.143410853,0.824300003,0.1146,0.043099999,0.0247,0.720930233,0.677419355,19000,65700
Virginia Polytechnic Institute and State University,Blacksburg,VA,27730,Public,South East,0.6485,28,26240,14364,104940,0.464932652,0.809300003,0.117700005,0.0395,0.0373,0.730070636,0.832191781,20500,62500
Virginia State University,Petersburg,VA,3986,Public,South East,0.9109,18,22581,5733,66141,0.560944749,0.486199989,0.423600006,0.073099999,0.0277,0.300824176,0.397345133,19416,35200
Virginia Union University,Richmond,VA,1132,Private,South East,0.4375,17,30864,11883,45126,0.543147208,0.447700005,0.447000008,0.095799999,0.028199999,0.263392857,0.339483395,17333,32000
Virginia Wesleyan University,Virginia Beach,VA,1302,Private,South East,0.7041,23,49558,16089,74610,0.627013631,0.722200012,0.205699997,0.038399999,0.033099999,0.421383648,0.503401361,15750,40700
Viterbo University,La Crosse,WI,1709,Private,Great Lakes,0.758,24,38690,14187,59949,0.75282167,0.946500015,0.0138,0.016900001,0.0171,0.519083969,0.602977667,20500,43200
Voorhees College,Denmark,SC,491,Private,South East,0.6545,NA,26377,9641,43794,0.512121212,0.479199982,0.480800018,0.0351,0.0102,0.164179104,0.275862069,9500,24500
Wabash College,Crawfordsville,IN,881,Private,Great Lakes,0.6497,26,54600,14777,78282,NA,0.885800018,0.0629,0.0521,0.0133,NA,NA,25000,56300
Wagner College,Staten Island,NY,1752,Private,Mid East,0.6981,NA,57480,21720,75375,0.624511082,0.840899963,0.065900002,0.076199999,0.044699998,0.621428571,0.722807018,21500,56700
Wake Forest University,Winston-Salem,NC,5225,Private,South East,0.294,NA,69090,31902,104994,0.507772021,0.821999969,0.110500002,0.048299999,0.030799999,0.832618026,0.910852713,17500,63800
Walden University,Minneapolis,MN,6910,Private,Plains,NA,NA,25065,10195,62064,0.812806461,0.733499985,0.165799999,0.094799995,0.0303,0.223463687,0.332796392,12500,50100
Waldorf University,Forest City,IA,2554,Private,Plains,0.7544,20,33399,7199,46629,0.443698732,0.904400024,0.045100002,0.044099998,0.0139,0.350649351,0.432926829,12000,37800
Walla Walla University,College Place,WA,1604,Private,Far West,0.5077,24,37494,17804,48465,0.519402985,0.829899979,0.0272,0.121400003,0.029300001,0.333333333,0.474747475,21000,46400
Walsh College,Troy,MI,782,Private,Great Lakes,NA,NA,NA,17660,79587,0.545882353,0.842300034,0.096499996,0.021099999,0.031600001,0.743421053,0.65648855,13031,60400
Walsh University,North Canton,OH,1826,Private,Great Lakes,0.778,23,41383,12313,54306,0.612244898,0.905500031,0.069099998,0.0147,0.0074,0.434977578,0.590529248,22249,43500
Warner University,Lake Wales,FL,896,Private,South East,0.3539,19,34001,11900,47412,0.45915493,0.782399979,0.133299999,0.125,0.0136,0.314516129,0.443349754,15864,38600
Warren Wilson College,Swannanoa,NC,635,Private,South East,0.8559,25,49588,14350,52866,0.643312102,0.845400009,0.090500002,0.049299998,0.024300001,0.515151515,0.507575758,14459,25600
Wartburg College,Waverly,IA,1468,Private,Plains,0.7571,23,51820,15457,60237,0.541411043,0.944300003,0.024000001,0.024200001,0.0098,0.605555556,0.733990148,21500,45400
Washburn University,Topeka,KS,4767,Public,Plains,NA,NA,18960,6660,68346,0.591224863,0.863499985,0.064699998,0.058200002,0.0112,0.410939691,0.476694915,12500,40300
Washington & Jefferson College,Washington,PA,1336,Private,Mid East,0.8236,NA,59288,19772,73152,0.510791367,0.921600037,0.049699998,0.014400001,0.0125,0.678787879,0.719512195,26000,54500
Washington Adventist University,Takoma Park,MD,836,Private,Mid East,0.5194,17,32746,14910,49167,0.720930233,0.472200012,0.375200005,0.132200003,0.053099999,0.141304348,0.108695652,25000,42600
Washington and Lee University,Lexington,VA,1822,Private,South East,0.2116,33,67150,28486,113112,0.440140845,0.835699997,0.088100004,0.050300002,0.0378,NA,NA,18500,76100
Washington College,Chestertown,MD,1342,Private,Mid East,0.6357,NA,59375,21746,71901,0.608928571,0.828600006,0.113199997,0.0325,0.0296,0.672413793,0.679012346,20500,51400
Washington State University,Pullman,WA,25675,Public,Far West,0.7719,23,25267,9648,88992,0.574296336,0.842900009,0.0225,0.078699999,0.0427,0.51977644,0.567338282,14750,50600
Washington University in St Louis,Saint Louis,MO,7356,Private,Plains,0.1503,34,71975,26447,134640,0.534246575,0.797300034,0.110299997,0.064400001,0.045300002,0.913333333,0.893687708,14781,70100
Wayland Baptist University,Plainview,TX,3169,Private,South West,0.9804,19,30334,10382,47745,0.577603143,0.729800034,0.069000001,0.297199993,0.024300001,0.272200772,0.4,13420,41300
Wayne State College,Wayne,NE,2754,Public,Plains,NA,NA,18288,4677,66573,0.575362319,0.924700012,0.0173,0.047399998,0.0075,0.366197183,0.447311828,13418,36100
Wayne State University,Detroit,MI,17114,Public,Great Lakes,0.7115,24,23848,11202,95598,0.595097211,0.580900002,0.357299995,0.0279,0.021600001,0.32,0.326834862,17250,40800
Waynesburg University,Waynesburg,PA,1322,Private,Mid East,0.9145,22,34791,12116,62784,0.569190601,0.928700027,0.050300002,0.010700001,0.0073,0.573099415,0.620071685,22500,45300
Webber International University,Babson Park,FL,613,Private,South East,0.4012,19,39973,12384,41265,0.34619883,0.765699997,0.154300003,0.106599998,0.0148,0.252631579,0.394444444,9500,37200
Webster University,Saint Louis,MO,2958,Private,Plains,0.5614,24,42492,16848,78174,0.604387827,0.827600021,0.122700005,0.031700001,0.0198,0.528610354,0.572834646,17947,42300
Wellesley College,Wellesley,MA,2392,Private,New England,0.1954,32,69034,21583,111636,NA,0.774599991,0.078099999,0.103999996,0.073200002,NA,NA,9728,60800
Wells College,Aurora,NY,463,Private,Mid East,0.7871,25,54710,13832,63108,0.653250774,0.820100021,0.094799995,0.0648,0.0304,0.514285714,0.618320611,20000,35100
Wentworth Institute of Technology,Boston,MA,4254,Private,New England,0.7604,25,50348,18575,78687,0.205934718,0.879499969,0.047600002,0.045599999,0.0296,0.569155447,0.653846154,20000,65100
Wesley College,Dover,DE,1163,Private,Mid East,0.6182,18,40607,14819,49041,0.523364486,0.737699966,0.197199993,0.0504,0.023499999,0.18707483,0.317269076,16000,42900
Wesleyan College,Macon,GA,557,Private,South East,0.4787,20,33765,11015,56619,NA,0.640500031,0.306900005,0.0475,0.0162,NA,NA,18187,29900
Wesleyan University,Middletown,CT,2922,Private,New England,0.1746,NA,69905,29745,111780,0.558103976,0.763600006,0.100200005,0.103999996,0.060500002,0.840236686,0.904255319,15500,54700
West Chester University of Pennsylvania,West Chester,PA,14249,Public,Mid East,0.7444,24,25586,9999,88038,0.607887143,0.849100037,0.098000002,0.031800001,0.025999999,0.4864,0.591282051,19000,48400
West Coast University-Dallas,Dallas,TX,792,Private,South West,1,NA,NA,21565,69372,0.797790055,NA,NA,NA,NA,0.594871795,0.670682731,24464,54900
West Coast University-Los Angeles,North Hollywood,CA,1991,Private,Far West,0.9231,NA,46558,31208,76149,0.797790055,0.512799988,0.093599997,0.398499985,0.121599998,0.594871795,0.670682731,24464,54900
West Coast University-Miami,Doral,FL,854,Private,South East,1,NA,31027,16138,62910,0.797790055,NA,NA,NA,NA,0.594871795,0.670682731,24464,54900
West Coast University-Ontario,Ontario,CA,1671,Private,Far West,0.881,NA,45040,31033,72648,0.797790055,NA,NA,NA,NA,0.594871795,0.670682731,24464,54900
West Coast University-Orange County,Anaheim,CA,2514,Private,Far West,0.9535,NA,44143,25773,71208,0.797790055,NA,NA,NA,NA,0.594871795,0.670682731,24464,54900
West Liberty University,West Liberty,WV,1994,Public,South East,0.6936,20,20933,6372,59868,0.612774451,0.945800018,0.033499999,0.0105,0.0069,0.257525084,0.396946565,16000,36400
West Texas A & M University,Canyon,TX,7368,Public,South West,0.6488,22,20269,7066,69003,0.600337743,0.801100006,0.046300001,0.229400005,0.0136,0.333769634,0.503342884,13008,42700
West Virginia State University,Institute,WV,1781,Public,South East,0.9439,20,17397,4590,53028,0.536244542,0.860299988,0.106499996,0.0177,0.0096,0.281954887,0.390243902,12100,29800
West Virginia University,Morgantown,WV,20499,Public,South East,0.8161,24,21278,13773,91107,0.501255903,0.915100021,0.048200002,0.0196,0.0167,0.401859847,0.491202873,14708,45800
West Virginia University Institute of Technology,Beckley,WV,1295,Public,South East,0.6065,24,17166,9805,65331,0.501255903,0.891299973,0.081400003,0.015,0.0079,0.401859847,0.491202873,14708,45800
West Virginia Wesleyan College,Buckhannon,WV,1176,Private,South East,0.7017,22,44409,11806,53559,0.572317263,0.919800034,0.0479,0.0199,0.0127,0.323232323,0.455958549,19136,43600
Westcliff University,Irvine,CA,468,Private,Far West,0.7028,NA,16749,3852,31653,NA,NA,NA,NA,NA,NA,NA,NA,NA
Western Carolina University,Cullowhee,NC,9835,Public,South East,0.3966,23,21341,6205,70443,0.573167821,0.842399979,0.105600004,0.0351,0.011799999,0.52771855,0.594641314,15878,37700
Western Colorado University,Gunnison,CO,1940,Public,Rocky Mountains,0.8891,22,23409,10527,60849,0.416473318,0.870800018,0.0296,0.111800003,0.0199,0.391304348,0.512562814,12000,39000
Western Connecticut State University,Danbury,CT,4872,Public,New England,0.7924,NA,25198,8967,80433,0.514074758,0.853700027,0.0629,0.0804,0.0275,0.424015009,0.503681885,17500,45200
Western Governors University,Salt Lake City,UT,88921,Private,Rocky Mountains,NA,NA,NA,7719,46233,0.689534656,0.788799973,0.103299999,0.106700001,0.028099999,0.329847909,0.41012367,8947,41900
Western Illinois University,Macomb,IL,6754,Public,Great Lakes,0.5878,21,25686,7090,81396,0.561496044,0.859300003,0.077399998,0.0602,0.023,0.469180566,0.511434511,18661,43200
Western Kentucky University,Bowling Green,KY,13959,Public,South East,0.9721,24,20365,8365,66816,0.602534738,0.891800003,0.0773,0.0197,0.0083,0.303945746,0.393112701,14250,34700
Western Michigan University,Kalamazoo,MI,17519,Public,Great Lakes,0.811,23,24825,12648,89748,0.5443729,0.874899979,0.072399998,0.031600001,0.018200001,0.458413926,0.530474041,20250,45000
Western New England University,Springfield,MA,2746,Private,New England,0.8537,25,50234,20304,84465,0.382724719,0.898000031,0.041999998,0.049699998,0.0201,0.524838013,0.699088146,19500,54900
Western New Mexico University,Silver City,NM,1738,Public,South West,NA,NA,19362,4962,54162,0.577339902,0.736500015,0.019,0.472900009,0.0064,0.177257525,0.211488251,12250,30900
Western Oregon University,Monmouth,OR,4552,Public,Far West,0.8447,NA,22326,7578,62442,0.629762438,0.857099991,0.0108,0.0946,0.029100001,0.302447552,0.341726619,15000,39700
Western Washington University,Bellingham,WA,15071,Public,Far West,0.8766,26,23171,7734,90207,0.600043927,0.847900009,0.023099999,0.055999999,0.050500002,0.574620197,0.631711939,14784,45800
Westfield State University,Westfield,MA,5110,Public,New England,0.8605,23,22566,8470,84987,0.558677098,0.897900009,0.0329,0.059499998,0.019,0.555900621,0.636103152,16750,46100
Westminster College,Fulton,MO,712,Private,Plains,0.9446,23,39961,9358,58797,0.455555556,0.896600037,0.0598,0.0222,0.0129,0.413533835,0.545454545,18875,42700
Westminster College,New Wilmington,PA,1173,Private,Mid East,0.6642,23,48615,11949,61920,0.492561984,0.933799973,0.043299999,0.0116,0.0076,0.625954198,0.676300578,21375,43200
Westminster College,Salt Lake City,UT,1946,Private,Rocky Mountains,0.9292,24,45119,18393,76374,0.609394314,0.883899994,0.0127,0.093199997,0.023299999,0.540178571,0.618181818,16750,49800
Westmont College,Santa Barbara,CA,1266,Private,Far West,0.6241,27,60930,21257,70344,0.60362173,0.764199982,0.0298,0.185900002,0.0721,0.677083333,0.729559748,18783,51400
Wheaton College,Wheaton,IL,2364,Private,Great Lakes,0.8265,30,47644,20289,83421,0.527700831,0.861299973,0.050300002,0.066500001,0.038699999,0.753694581,0.878640777,20100,48400
Wheaton College,Norton,MA,1750,Private,New England,0.6984,29,65517,19984,84231,0.635792779,0.868099976,0.056700001,0.0546,0.028199999,0.722222222,0.79047619,23000,47600
Wheeling University,Wheeling,WV,820,Private,South East,0.8634,22,39647,14928,54261,0.532051282,0.933199997,0.0423,0.013099999,0.0085,0.462121212,0.507614213,17910,46200
Whitman College,Walla Walla,WA,1446,Private,Far West,0.5015,30,64504,32756,85374,0.617161716,0.831699982,0.029000001,0.075100002,0.057199998,0.731343284,0.838383838,14787,51300
Whittier College,Whittier,CA,1719,Private,Far West,0.7595,23,56292,23764,73800,0.573684211,0.624700012,0.0423,0.340400009,0.111300001,0.556650246,0.644230769,18250,46800
Whitworth University,Spokane,WA,2357,Private,Far West,0.9078,25,57005,17697,65403,0.646684832,0.865299988,0.0177,0.0671,0.035999999,0.622881356,0.716763006,21000,42100
Wichita State University,Wichita,KS,11148,Public,Plains,0.965,23,20038,8655,70857,0.593413979,0.830199966,0.074699998,0.068099999,0.025999999,0.343698854,0.423696072,15000,40400
Widener University,Chester,PA,3201,Private,Mid East,0.692,23,59484,19740,77868,0.60591716,0.772099991,0.163299999,0.0397,0.031099999,0.540106952,0.652351738,20834,53400
Wilberforce University,Wilberforce,OH,643,Private,Great Lakes,0.6737,17,23450,16692,44838,0.563055062,0.470699997,0.455999985,0.055900002,0.018,0.157894737,0.424778761,9500,34200
Wiley College,Marshall,TX,1002,Private,South West,NA,NA,20368,9520,48330,0.626274066,0.492099991,0.420699997,0.109700003,0.0146,0.197580645,0.347972973,17433,26700
Wilkes University,Wilkes-Barre,PA,2358,Private,Mid East,0.7482,24,50756,17704,81837,0.535221496,0.932799988,0.0349,0.025699999,0.011900001,0.526490066,0.569014085,20101,51600
Willamette University,Salem,OR,1623,Private,Far West,0.8364,NA,61279,23252,99630,0.569678407,0.813499985,0.021500001,0.095,0.0629,0.664705882,0.781420765,19500,51100
William & Mary,Williamsburg,VA,6349,Public,South East,0.3692,32,37386,19385,100269,0.607172644,0.784100037,0.133299999,0.0475,0.042199998,0.852664577,0.893506494,16395,58500
William Carey University,Hattiesburg,MS,2050,Private,South East,0.6787,25,27585,14092,57771,0.662677637,0.682200012,0.284799995,0.024000001,0.0116,0.310344828,0.408421053,16419,34700
William Jessup University,Rocklin,CA,1246,Private,Far West,0.5853,22,44800,15084,62163,0.622186495,0.761200027,0.039400001,0.1521,0.074499998,0.453947368,0.539534884,15750,37300
William Jewell College,Liberty,MO,803,Private,Plains,0.4597,26,47893,11774,60768,0.595744681,0.899400024,0.0502,0.036500001,0.0125,0.580645161,0.637362637,20000,45700
William Paterson University of New Jersey,Wayne,NJ,8643,Public,Mid East,0.9333,20,23685,9620,100800,0.562691802,0.719899979,0.120900002,0.163500004,0.056799998,0.463833635,0.567548249,17125,46600
William Peace University,Raleigh,NC,881,Private,South East,0.5713,21,43327,14497,52641,0.603993344,0.698000031,0.233999996,0.050999999,0.021199999,0.379032258,0.36802974,16000,36000
William Penn University,Oskaloosa,IA,1127,Private,Plains,0.5524,NA,36487,9787,50139,0.411564626,0.895199966,0.041700001,0.0552,0.0185,0.114583333,0.248,14000,42100
William Woods University,Fulton,MO,889,Private,Plains,0.6391,23,37795,8673,47826,0.731462926,0.899800034,0.056300001,0.028399999,0.0125,0.666666667,0.553921569,13834,36500
Williams Baptist University,Walnut Ridge,AR,460,Private,South East,0.5639,20,28424,8050,48195,0.434615385,0.908700027,0.060999999,0.017,0.0039,0.338709677,0.382352941,12500,33100
Williams College,Williamstown,MA,2028,Private,New England,0.1297,34,70650,32481,114435,0.512359551,0.760500031,0.104499998,0.11,0.06,NA,NA,11500,59000
Wilmington College,Wilmington,OH,1253,Private,Great Lakes,0.8459,21,37098,10755,50760,0.563920455,0.901399994,0.071199999,0.013,0.0087,0.436842105,0.597087379,16372,40000
Wilmington University,New Castle,DE,8377,Private,Mid East,NA,NA,17835,10358,66312,0.688546373,0.733799973,0.203600006,0.050500002,0.0199,0.391618497,0.471685543,15334,42500
Wilson College,Chambersburg,PA,832,Private,Mid East,0.9187,20,35875,10450,61767,0.791183295,0.900699997,0.061300001,0.0304,0.0109,NA,NA,16200,33100
Wingate University,Wingate,NC,2721,Private,South East,0.8479,21,45165,12167,68598,0.645502646,0.791200027,0.151800003,0.051100001,0.0164,0.431693989,0.561933535,12000,43200
Winona State University,Winona,MN,7052,Public,Plains,0.6572,22,21418,6072,82044,0.664431576,0.935100021,0.018,0.023199999,0.021099999,0.582025678,0.592209857,17000,44700
Winston-Salem State University,Winston-Salem,NC,4610,Public,South East,0.6531,18,19686,4772,72783,0.702243126,0.603600006,0.331100006,0.058699999,0.015599999,0.415384615,0.492170022,16159,33200
Winthrop University,Rock Hill,SC,4545,Public,South East,0.6728,23,28149,8456,68193,0.685446009,0.699000015,0.263600006,0.024400001,0.012,0.459798995,0.498881432,20250,35900
Wisconsin Lutheran College,Milwaukee,WI,1037,Private,Great Lakes,0.8039,23,41162,12131,57438,0.549912434,0.907200012,0.042399998,0.034300001,0.016,0.523489933,0.630573248,19208,41300
Wittenberg University,Springfield,OH,1701,Private,Great Lakes,0.7373,NA,50692,13842,64881,0.522340426,0.890899963,0.068499999,0.021700001,0.0171,0.5,0.555045872,19410,43200
Wofford College,Spartanburg,SC,1659,Private,South East,0.6358,29,57551,16769,73800,0.523421589,0.771900024,0.187399998,0.029300001,0.0151,0.725925926,0.803571429,23250,51500
Woodbury University,Burbank,CA,1051,Private,Far West,0.6566,22,51282,27284,67869,0.568783069,0.575699997,0.068699999,0.362900009,0.106800003,0.4,0.494736842,25000,48200
Worcester Polytechnic Institute,Worcester,MA,4571,Private,New England,0.4159,NA,64730,27930,112293,0.364922207,0.888600006,0.042199998,0.048699999,0.028399999,0.765375854,0.868181818,27000,84900
Worcester State University,Worcester,MA,4996,Public,New England,0.7785,NA,20923,6883,79488,0.593091828,0.885699997,0.034300001,0.066799998,0.026700001,0.295744681,0.398591549,12931,48200
Wright State University-Lake Campus,Celina,OH,832,Public,Great Lakes,0.9944,21,13595,5782,90630,0.559505671,0.857399979,0.108100004,0.0142,0.0126,0.312627986,0.356345178,14000,39500
Wright State University-Main Campus,Dayton,OH,10140,Public,Great Lakes,0.949,22,20652,10588,85779,0.559505671,0.857399979,0.108100004,0.0142,0.0126,0.312627986,0.356345178,14000,39500
Xavier University,Cincinnati,OH,4955,Private,Great Lakes,0.7379,25,52380,18013,79677,0.568421053,0.818700027,0.1325,0.029000001,0.0204,0.618644068,0.633684211,21500,51600
Xavier University of Louisiana,New Orleans,LA,2437,Private,South East,0.5788,23,34230,18718,79353,0.747851003,0.433199997,0.459399986,0.0871,0.042199998,0.341968912,0.459627329,12750,49800
Yale University,New Haven,CT,5963,Private,New England,0.0635,34,71290,18542,171837,0.500683995,0.734300003,0.112399998,0.124099998,0.065999999,0.862857143,0.934065934,12000,83200
Yeshiva of Machzikai Hadas,Brooklyn,NY,427,Private,Mid East,0.9529,NA,27040,7150,22401,NA,NA,NA,NA,NA,NA,NA,NA,NA
Yeshiva University,New York,NY,2682,Private,Mid East,0.6028,26,60525,17888,109602,0.516239316,0.694100037,0.140100002,0.125299997,0.081800003,0.448979592,0.593582888,14500,58500
Yeshivath Viznitz,Monsey,NY,492,Private,Mid East,0.9909,NA,18703,5860,27603,NA,0.796100006,0.066700001,0.130100002,0.039000001,NA,NA,NA,14400
York College of Pennsylvania,York,PA,3960,Private,Mid East,0.6973,24,30612,14971,80028,0.552296624,0.900999985,0.053000002,0.033499999,0.0187,0.481149013,0.54199683,21250,50400
Young Harris College,Young Harris,GA,990,Private,South East,0.6345,21,41901,8499,56529,0.591836735,0.864899979,0.093000002,0.0348,0.0133,0.26993865,0.357894737,14000,37900
Youngstown State University,Youngstown,OH,10030,Public,Great Lakes,0.6877,21,17965,7355,73773,0.550444444,0.848700027,0.123199997,0.0224,0.0058,0.256797583,0.276933245,17250,35900
